agency_cd,site_no,Datetime,Mean_CFS,71272_00060_00003_cd
USGS,4170500,2008-01-01,144,A
USGS,4170500,2008-01-02,142,A
USGS,4170500,2008-01-03,132,A:e
USGS,4170500,2008-01-04,124,A:e
USGS,4170500,2008-01-05,121,A
USGS,4170500,2008-01-06,121,A
USGS,4170500,2008-01-07,136,A
USGS,4170500,2008-01-08,211,A
USGS,4170500,2008-01-09,309,A
USGS,4170500,2008-01-10,347,A
USGS,4170500,2008-01-11,354,A
USGS,4170500,2008-01-12,350,A
USGS,4170500,2008-01-13,337,A
USGS,4170500,2008-01-14,314,A
USGS,4170500,2008-01-15,301,A
USGS,4170500,2008-01-16,282,A
USGS,4170500,2008-01-17,266,A
USGS,4170500,2008-01-18,250,A
USGS,4170500,2008-01-19,242,A
USGS,4170500,2008-01-20,227,A:e
USGS,4170500,2008-01-21,214,A:e
USGS,4170500,2008-01-22,204,A:e
USGS,4170500,2008-01-23,192,A:e
USGS,4170500,2008-01-24,182,A:e
USGS,4170500,2008-01-25,172,A:e
USGS,4170500,2008-01-26,166,A:e
USGS,4170500,2008-01-27,160,A
USGS,4170500,2008-01-28,155,A
USGS,4170500,2008-01-29,157,A
USGS,4170500,2008-01-30,176,A
USGS,4170500,2008-01-31,180,A
USGS,4170500,2008-02-01,178,A
USGS,4170500,2008-02-02,173,A
USGS,4170500,2008-02-03,162,A
USGS,4170500,2008-02-04,156,A
USGS,4170500,2008-02-05,166,A
USGS,4170500,2008-02-06,235,A
USGS,4170500,2008-02-07,258,A
USGS,4170500,2008-02-08,267,A
USGS,4170500,2008-02-09,269,A
USGS,4170500,2008-02-10,264,A:e
USGS,4170500,2008-02-11,251,A:e
USGS,4170500,2008-02-12,238,A:e
USGS,4170500,2008-02-13,223,A:e
USGS,4170500,2008-02-14,214,A:e
USGS,4170500,2008-02-15,206,A:e
USGS,4170500,2008-02-16,198,A:e
USGS,4170500,2008-02-17,204,A
USGS,4170500,2008-02-18,235,A
USGS,4170500,2008-02-19,251,A
USGS,4170500,2008-02-20,257,A
USGS,4170500,2008-02-21,250,A
USGS,4170500,2008-02-22,236,A
USGS,4170500,2008-02-23,219,A:e
USGS,4170500,2008-02-24,206,A:e
USGS,4170500,2008-02-25,196,A:e
USGS,4170500,2008-02-26,186,A:e
USGS,4170500,2008-02-27,178,A:e
USGS,4170500,2008-02-28,170,A:e
USGS,4170500,2008-02-29,159,A
USGS,4170500,2008-03-01,157,A
USGS,4170500,2008-03-02,153,A
USGS,4170500,2008-03-03,155,A
USGS,4170500,2008-03-04,184,A
USGS,4170500,2008-03-05,207,A
USGS,4170500,2008-03-06,209,A
USGS,4170500,2008-03-07,202,A
USGS,4170500,2008-03-08,185,A
USGS,4170500,2008-03-09,174,A
USGS,4170500,2008-03-10,165,A
USGS,4170500,2008-03-11,159,A
USGS,4170500,2008-03-12,158,A
USGS,4170500,2008-03-13,159,A
USGS,4170500,2008-03-14,169,A
USGS,4170500,2008-03-15,185,A
USGS,4170500,2008-03-16,194,A
USGS,4170500,2008-03-17,196,A
USGS,4170500,2008-03-18,196,A
USGS,4170500,2008-03-19,208,A
USGS,4170500,2008-03-20,218,A
USGS,4170500,2008-03-21,224,A
USGS,4170500,2008-03-22,234,A
USGS,4170500,2008-03-23,229,A
USGS,4170500,2008-03-24,222,A
USGS,4170500,2008-03-25,210,A
USGS,4170500,2008-03-26,205,A
USGS,4170500,2008-03-27,202,A
USGS,4170500,2008-03-28,206,A
USGS,4170500,2008-03-29,203,A
USGS,4170500,2008-03-30,201,A
USGS,4170500,2008-03-31,207,A
USGS,4170500,2008-04-01,237,A
USGS,4170500,2008-04-02,261,A
USGS,4170500,2008-04-03,192,A
USGS,4170500,2008-04-04,203,A
USGS,4170500,2008-04-05,226,A
USGS,4170500,2008-04-06,234,A
USGS,4170500,2008-04-07,183,A
USGS,4170500,2008-04-08,181,A
USGS,4170500,2008-04-09,138,A
USGS,4170500,2008-04-10,142,A
USGS,4170500,2008-04-11,124,A
USGS,4170500,2008-04-12,147,A
USGS,4170500,2008-04-13,186,A
USGS,4170500,2008-04-14,108,A
USGS,4170500,2008-04-15,89.2,A
USGS,4170500,2008-04-16,121,A
USGS,4170500,2008-04-17,138,A
USGS,4170500,2008-04-18,141,A
USGS,4170500,2008-04-19,138,A
USGS,4170500,2008-04-20,132,A
USGS,4170500,2008-04-21,97.8,A
USGS,4170500,2008-04-22,88.2,A
USGS,4170500,2008-04-23,60.6,A
USGS,4170500,2008-04-24,52.3,A
USGS,4170500,2008-04-25,60.6,A
USGS,4170500,2008-04-26,68.2,A
USGS,4170500,2008-04-27,74.9,A
USGS,4170500,2008-04-28,52.2,A
USGS,4170500,2008-04-29,50.7,A
USGS,4170500,2008-04-30,61.5,A
USGS,4170500,2008-05-01,70.3,A
USGS,4170500,2008-05-02,74.6,A
USGS,4170500,2008-05-03,80.6,A
USGS,4170500,2008-05-04,86.2,A
USGS,4170500,2008-05-05,87.0,A
USGS,4170500,2008-05-06,86.1,A
USGS,4170500,2008-05-07,83.9,A
USGS,4170500,2008-05-08,76.7,A
USGS,4170500,2008-05-09,69.6,A
USGS,4170500,2008-05-10,67.4,A
USGS,4170500,2008-05-11,73.4,A
USGS,4170500,2008-05-12,57.6,A
USGS,4170500,2008-05-13,60.5,A
USGS,4170500,2008-05-14,81.3,A
USGS,4170500,2008-05-15,92.5,A
USGS,4170500,2008-05-16,93.5,A
USGS,4170500,2008-05-17,93.6,A
USGS,4170500,2008-05-18,95.9,A
USGS,4170500,2008-05-19,90.5,A
USGS,4170500,2008-05-20,89.6,A
USGS,4170500,2008-05-21,84.0,A
USGS,4170500,2008-05-22,82.0,A
USGS,4170500,2008-05-23,80.5,A
USGS,4170500,2008-05-24,80.3,A
USGS,4170500,2008-05-25,75.9,A
USGS,4170500,2008-05-26,73.9,A
USGS,4170500,2008-05-27,77.5,A
USGS,4170500,2008-05-28,70.1,A
USGS,4170500,2008-05-29,66.8,A
USGS,4170500,2008-05-30,64.0,A
USGS,4170500,2008-05-31,82.5,A
USGS,4170500,2008-06-01,85.4,A
USGS,4170500,2008-06-02,79.3,A
USGS,4170500,2008-06-03,78.6,A
USGS,4170500,2008-06-04,103,A
USGS,4170500,2008-06-05,119,A
USGS,4170500,2008-06-06,122,A
USGS,4170500,2008-06-07,129,A
USGS,4170500,2008-06-08,151,A
USGS,4170500,2008-06-09,161,A
USGS,4170500,2008-06-10,194,A
USGS,4170500,2008-06-11,215,A
USGS,4170500,2008-06-12,217,A
USGS,4170500,2008-06-13,215,A
USGS,4170500,2008-06-14,224,A
USGS,4170500,2008-06-15,223,A
USGS,4170500,2008-06-16,216,A
USGS,4170500,2008-06-17,203,A
USGS,4170500,2008-06-18,197,A
USGS,4170500,2008-06-19,182,A
USGS,4170500,2008-06-20,162,A
USGS,4170500,2008-06-21,144,A
USGS,4170500,2008-06-22,133,A
USGS,4170500,2008-06-23,122,A
USGS,4170500,2008-06-24,116,A
USGS,4170500,2008-06-25,109,A
USGS,4170500,2008-06-26,112,A
USGS,4170500,2008-06-27,110,A
USGS,4170500,2008-06-28,117,A
USGS,4170500,2008-06-29,121,A
USGS,4170500,2008-06-30,118,A
USGS,4170500,2008-07-01,104,A
USGS,4170500,2008-07-02,98.0,A
USGS,4170500,2008-07-03,155,A
USGS,4170500,2008-07-04,163,A
USGS,4170500,2008-07-05,171,A
USGS,4170500,2008-07-06,166,A
USGS,4170500,2008-07-07,147,A
USGS,4170500,2008-07-08,143,A
USGS,4170500,2008-07-09,132,A
USGS,4170500,2008-07-10,115,A
USGS,4170500,2008-07-11,102,A
USGS,4170500,2008-07-12,95.8,A
USGS,4170500,2008-07-13,87.5,A
USGS,4170500,2008-07-14,80.0,A
USGS,4170500,2008-07-15,74.6,A
USGS,4170500,2008-07-16,73.5,A
USGS,4170500,2008-07-17,86.9,A
USGS,4170500,2008-07-18,87.8,A
USGS,4170500,2008-07-19,86.5,A
USGS,4170500,2008-07-20,90.0,A
USGS,4170500,2008-07-21,98.2,A
USGS,4170500,2008-07-22,117,A
USGS,4170500,2008-07-23,108,A
USGS,4170500,2008-07-24,91.3,A
USGS,4170500,2008-07-25,79.5,A
USGS,4170500,2008-07-26,74.8,A
USGS,4170500,2008-07-27,69.1,A
USGS,4170500,2008-07-28,67.1,A
USGS,4170500,2008-07-29,64.4,A
USGS,4170500,2008-07-30,59.8,A
USGS,4170500,2008-07-31,58.8,A
USGS,4170500,2008-08-01,56.0,A
USGS,4170500,2008-08-02,53.7,A
USGS,4170500,2008-08-03,48.1,A
USGS,4170500,2008-08-04,44.9,A
USGS,4170500,2008-08-05,44.1,A
USGS,4170500,2008-08-06,43.8,A
USGS,4170500,2008-08-07,42.7,A
USGS,4170500,2008-08-08,42.1,A
USGS,4170500,2008-08-09,36.3,A
USGS,4170500,2008-08-10,33.7,A
USGS,4170500,2008-08-11,34.3,A
USGS,4170500,2008-08-12,37.1,A
USGS,4170500,2008-08-13,40.2,A
USGS,4170500,2008-08-14,42.8,A
USGS,4170500,2008-08-15,37.9,A
USGS,4170500,2008-08-16,33.9,A
USGS,4170500,2008-08-17,30.2,A
USGS,4170500,2008-08-18,30.7,A
USGS,4170500,2008-08-19,34.5,A
USGS,4170500,2008-08-20,33.6,A
USGS,4170500,2008-08-21,33.5,A
USGS,4170500,2008-08-22,33.0,A
USGS,4170500,2008-08-23,34.4,A
USGS,4170500,2008-08-24,41.9,A
USGS,4170500,2008-08-25,44.3,A
USGS,4170500,2008-08-26,39.0,A
USGS,4170500,2008-08-27,33.8,A
USGS,4170500,2008-08-28,32.3,A
USGS,4170500,2008-08-29,31.9,A
USGS,4170500,2008-08-30,31.1,A
USGS,4170500,2008-08-31,31.0,A
USGS,4170500,2008-09-01,30.3,A
USGS,4170500,2008-09-02,29.9,A
USGS,4170500,2008-09-03,31.5,A
USGS,4170500,2008-09-04,37.2,A
USGS,4170500,2008-09-05,40.3,A
USGS,4170500,2008-09-06,44.7,A
USGS,4170500,2008-09-07,47.2,A
USGS,4170500,2008-09-08,52.0,A
USGS,4170500,2008-09-09,78.5,A
USGS,4170500,2008-09-10,78.5,A
USGS,4170500,2008-09-11,68.1,A
USGS,4170500,2008-09-12,63.2,A
USGS,4170500,2008-09-13,112,A
USGS,4170500,2008-09-14,262,A
USGS,4170500,2008-09-15,370,A
USGS,4170500,2008-09-16,406,A
USGS,4170500,2008-09-17,416,A
USGS,4170500,2008-09-18,402,A
USGS,4170500,2008-09-19,368,A
USGS,4170500,2008-09-20,341,A
USGS,4170500,2008-09-21,325,A
USGS,4170500,2008-09-22,301,A
USGS,4170500,2008-09-23,269,A
USGS,4170500,2008-09-24,244,A
USGS,4170500,2008-09-25,217,A
USGS,4170500,2008-09-26,184,A
USGS,4170500,2008-09-27,152,A
USGS,4170500,2008-09-28,135,A
USGS,4170500,2008-09-29,121,A
USGS,4170500,2008-09-30,118,A
USGS,4170500,2008-10-01,118,A
USGS,4170500,2008-10-02,112,A
USGS,4170500,2008-10-03,120,A
USGS,4170500,2008-10-04,123,A
USGS,4170500,2008-10-05,119,A
USGS,4170500,2008-10-06,118,A
USGS,4170500,2008-10-07,112,A
USGS,4170500,2008-10-08,109,A
USGS,4170500,2008-10-09,111,A
USGS,4170500,2008-10-10,111,A
USGS,4170500,2008-10-11,107,A
USGS,4170500,2008-10-12,105,A
USGS,4170500,2008-10-13,102,A
USGS,4170500,2008-10-14,97.7,A
USGS,4170500,2008-10-15,97.9,A
USGS,4170500,2008-10-16,105,A
USGS,4170500,2008-10-17,105,A
USGS,4170500,2008-10-18,102,A
USGS,4170500,2008-10-19,95.8,A
USGS,4170500,2008-10-20,93.1,A
USGS,4170500,2008-10-21,95.6,A
USGS,4170500,2008-10-22,93.0,A
USGS,4170500,2008-10-23,91.0,A
USGS,4170500,2008-10-24,89.8,A
USGS,4170500,2008-10-25,91.9,A
USGS,4170500,2008-10-26,92.3,A
USGS,4170500,2008-10-27,96.0,A
USGS,4170500,2008-10-28,93.1,A
USGS,4170500,2008-10-29,89.5,A
USGS,4170500,2008-10-30,85.8,A
USGS,4170500,2008-10-31,88.5,A
USGS,4170500,2008-11-01,97.7,A
USGS,4170500,2008-11-02,102,A
USGS,4170500,2008-11-03,189,A
USGS,4170500,2008-11-04,194,A
USGS,4170500,2008-11-05,215,A
USGS,4170500,2008-11-06,225,A
USGS,4170500,2008-11-07,183,A
USGS,4170500,2008-11-08,159,A
USGS,4170500,2008-11-09,154,A
USGS,4170500,2008-11-10,193,A
USGS,4170500,2008-11-11,207,A
USGS,4170500,2008-11-12,173,A
USGS,4170500,2008-11-13,223,A
USGS,4170500,2008-11-14,243,A
USGS,4170500,2008-11-15,234,A
USGS,4170500,2008-11-16,230,A
USGS,4170500,2008-11-17,231,A
USGS,4170500,2008-11-18,274,A
USGS,4170500,2008-11-19,264,A
USGS,4170500,2008-11-20,225,A
USGS,4170500,2008-11-21,201,A
USGS,4170500,2008-11-22,186,A
USGS,4170500,2008-11-23,176,A
USGS,4170500,2008-11-24,222,A
USGS,4170500,2008-11-25,229,A
USGS,4170500,2008-11-26,196,A
USGS,4170500,2008-11-27,177,A
USGS,4170500,2008-11-28,164,A
USGS,4170500,2008-11-29,156,A
USGS,4170500,2008-11-30,154,A
USGS,4170500,2008-12-01,217,A
USGS,4170500,2008-12-02,224,A
USGS,4170500,2008-12-03,237,A
USGS,4170500,2008-12-04,223,A
USGS,4170500,2008-12-05,183,A
USGS,4170500,2008-12-06,163,A
USGS,4170500,2008-12-07,150,A
USGS,4170500,2008-12-08,141,A
USGS,4170500,2008-12-09,148,A
USGS,4170500,2008-12-10,166,A
USGS,4170500,2008-12-11,173,A
USGS,4170500,2008-12-12,170,A
USGS,4170500,2008-12-13,161,A
USGS,4170500,2008-12-14,153,A
USGS,4170500,2008-12-15,159,A
USGS,4170500,2008-12-16,171,A
USGS,4170500,2008-12-17,177,A
USGS,4170500,2008-12-18,171,A
USGS,4170500,2008-12-19,176,A
USGS,4170500,2008-12-20,174,A
USGS,4170500,2008-12-21,169,A
USGS,4170500,2008-12-22,157,A
USGS,4170500,2008-12-23,157,A
USGS,4170500,2008-12-24,166,A
USGS,4170500,2008-12-25,172,A
USGS,4170500,2008-12-26,176,A
USGS,4170500,2008-12-27,188,A
USGS,4170500,2008-12-28,241,A
USGS,4170500,2008-12-29,287,A
USGS,4170500,2008-12-30,310,A
USGS,4170500,2008-12-31,313,A
USGS,4170500,2009-01-01,299,A
USGS,4170500,2009-01-02,280,A
USGS,4170500,2009-01-03,260,A
USGS,4170500,2009-01-04,245,A
USGS,4170500,2009-01-05,231,A
USGS,4170500,2009-01-06,219,A
USGS,4170500,2009-01-07,211,A
USGS,4170500,2009-01-08,204,A
USGS,4170500,2009-01-09,197,A
USGS,4170500,2009-01-10,195,A
USGS,4170500,2009-01-11,193,A
USGS,4170500,2009-01-12,186,A
USGS,4170500,2009-01-13,183,A
USGS,4170500,2009-01-14,173,A
USGS,4170500,2009-01-15,167,A
USGS,4170500,2009-01-16,158,A
USGS,4170500,2009-01-17,152,A
USGS,4170500,2009-01-18,154,A
USGS,4170500,2009-01-19,154,A
USGS,4170500,2009-01-20,151,A
USGS,4170500,2009-01-21,149,A
USGS,4170500,2009-01-22,145,A
USGS,4170500,2009-01-23,142,A
USGS,4170500,2009-01-24,138,A
USGS,4170500,2009-01-25,134,A
USGS,4170500,2009-01-26,129,A
USGS,4170500,2009-01-27,126,A
USGS,4170500,2009-01-28,126,A
USGS,4170500,2009-01-29,124,A
USGS,4170500,2009-01-30,121,A
USGS,4170500,2009-01-31,117,A
USGS,4170500,2009-02-01,114,A
USGS,4170500,2009-02-02,112,A
USGS,4170500,2009-02-03,110,A
USGS,4170500,2009-02-04,106,A
USGS,4170500,2009-02-05,103,A
USGS,4170500,2009-02-06,101,A
USGS,4170500,2009-02-07,100,A
USGS,4170500,2009-02-08,111,A
USGS,4170500,2009-02-09,122,A
USGS,4170500,2009-02-10,138,A
USGS,4170500,2009-02-11,177,A
USGS,4170500,2009-02-12,257,A
USGS,4170500,2009-02-13,303,A
USGS,4170500,2009-02-14,328,A
USGS,4170500,2009-02-15,327,A
USGS,4170500,2009-02-16,310,A
USGS,4170500,2009-02-17,291,A
USGS,4170500,2009-02-18,282,A
USGS,4170500,2009-02-19,279,A
USGS,4170500,2009-02-20,269,A
USGS,4170500,2009-02-21,264,A
USGS,4170500,2009-02-22,257,A
USGS,4170500,2009-02-23,244,A
USGS,4170500,2009-02-24,233,A
USGS,4170500,2009-02-25,226,A
USGS,4170500,2009-02-26,223,A
USGS,4170500,2009-02-27,250,A
USGS,4170500,2009-02-28,271,A
USGS,4170500,2009-03-01,277,A
USGS,4170500,2009-03-02,260,A
USGS,4170500,2009-03-03,241,A
USGS,4170500,2009-03-04,222,A
USGS,4170500,2009-03-05,206,A
USGS,4170500,2009-03-06,204,A
USGS,4170500,2009-03-07,229,A
USGS,4170500,2009-03-08,313,A
USGS,4170500,2009-03-09,369,A
USGS,4170500,2009-03-10,404,A
USGS,4170500,2009-03-11,350,A
USGS,4170500,2009-03-12,348,A
USGS,4170500,2009-03-13,381,A
USGS,4170500,2009-03-14,392,A
USGS,4170500,2009-03-15,396,A
USGS,4170500,2009-03-16,382,A
USGS,4170500,2009-03-17,295,A
USGS,4170500,2009-03-18,278,A
USGS,4170500,2009-03-19,242,A
USGS,4170500,2009-03-20,220,A
USGS,4170500,2009-03-21,246,A
USGS,4170500,2009-03-22,254,A
USGS,4170500,2009-03-23,143,A
USGS,4170500,2009-03-24,139,A
USGS,4170500,2009-03-25,178,A
USGS,4170500,2009-03-26,199,A
USGS,4170500,2009-03-27,205,A
USGS,4170500,2009-03-28,208,A
USGS,4170500,2009-03-29,216,A
USGS,4170500,2009-03-30,179,A
USGS,4170500,2009-03-31,178,A
USGS,4170500,2009-04-01,186,A
USGS,4170500,2009-04-02,193,A
USGS,4170500,2009-04-03,196,A
USGS,4170500,2009-04-04,192,A
USGS,4170500,2009-04-05,193,A
USGS,4170500,2009-04-06,214,A
USGS,4170500,2009-04-07,210,A
USGS,4170500,2009-04-08,213,A
USGS,4170500,2009-04-09,219,A
USGS,4170500,2009-04-10,219,A
USGS,4170500,2009-04-11,198,A
USGS,4170500,2009-04-12,182,A
USGS,4170500,2009-04-13,174,A
USGS,4170500,2009-04-14,180,A
USGS,4170500,2009-04-15,216,A
USGS,4170500,2009-04-16,228,A
USGS,4170500,2009-04-17,237,A
USGS,4170500,2009-04-18,233,A
USGS,4170500,2009-04-19,227,A
USGS,4170500,2009-04-20,251,A
USGS,4170500,2009-04-21,286,A
USGS,4170500,2009-04-22,318,A
USGS,4170500,2009-04-23,330,A
USGS,4170500,2009-04-24,328,A
USGS,4170500,2009-04-25,324,A
USGS,4170500,2009-04-26,339,A
USGS,4170500,2009-04-27,336,A
USGS,4170500,2009-04-28,355,A
USGS,4170500,2009-04-29,347,A
USGS,4170500,2009-04-30,340,A
USGS,4170500,2009-05-01,355,A
USGS,4170500,2009-05-02,349,A
USGS,4170500,2009-05-03,340,A
USGS,4170500,2009-05-04,329,A
USGS,4170500,2009-05-05,310,A
USGS,4170500,2009-05-06,294,A
USGS,4170500,2009-05-07,202,A
USGS,4170500,2009-05-08,190,A
USGS,4170500,2009-05-09,224,A
USGS,4170500,2009-05-10,236,A
USGS,4170500,2009-05-11,239,A
USGS,4170500,2009-05-12,233,A
USGS,4170500,2009-05-13,212,A
USGS,4170500,2009-05-14,230,A
USGS,4170500,2009-05-15,250,A
USGS,4170500,2009-05-16,306,A
USGS,4170500,2009-05-17,318,A
USGS,4170500,2009-05-18,316,A
USGS,4170500,2009-05-19,305,A
USGS,4170500,2009-05-20,294,A
USGS,4170500,2009-05-21,281,A
USGS,4170500,2009-05-22,274,A
USGS,4170500,2009-05-23,260,A
USGS,4170500,2009-05-24,244,A
USGS,4170500,2009-05-25,226,A
USGS,4170500,2009-05-26,199,A
USGS,4170500,2009-05-27,181,A
USGS,4170500,2009-05-28,172,A
USGS,4170500,2009-05-29,166,A
USGS,4170500,2009-05-30,159,A
USGS,4170500,2009-05-31,151,A
USGS,4170500,2009-06-01,137,A
USGS,4170500,2009-06-02,137,A
USGS,4170500,2009-06-03,132,A
USGS,4170500,2009-06-04,127,A
USGS,4170500,2009-06-05,121,A
USGS,4170500,2009-06-06,122,A
USGS,4170500,2009-06-07,118,A
USGS,4170500,2009-06-08,117,A
USGS,4170500,2009-06-09,123,A
USGS,4170500,2009-06-10,122,A
USGS,4170500,2009-06-11,119,A
USGS,4170500,2009-06-12,118,A
USGS,4170500,2009-06-13,111,A
USGS,4170500,2009-06-14,113,A
USGS,4170500,2009-06-15,116,A
USGS,4170500,2009-06-16,112,A
USGS,4170500,2009-06-17,115,A
USGS,4170500,2009-06-18,126,A
USGS,4170500,2009-06-19,141,A
USGS,4170500,2009-06-20,235,A
USGS,4170500,2009-06-21,275,A
USGS,4170500,2009-06-22,302,A
USGS,4170500,2009-06-23,310,A
USGS,4170500,2009-06-24,290,A
USGS,4170500,2009-06-25,280,A
USGS,4170500,2009-06-26,277,A
USGS,4170500,2009-06-27,255,A
USGS,4170500,2009-06-28,224,A
USGS,4170500,2009-06-29,199,A
USGS,4170500,2009-06-30,182,A
USGS,4170500,2009-07-01,162,A
USGS,4170500,2009-07-02,144,A
USGS,4170500,2009-07-03,131,A
USGS,4170500,2009-07-04,118,A
USGS,4170500,2009-07-05,111,A
USGS,4170500,2009-07-06,99.0,A
USGS,4170500,2009-07-07,92.0,A
USGS,4170500,2009-07-08,84.8,A
USGS,4170500,2009-07-09,78.4,A
USGS,4170500,2009-07-10,72.7,A
USGS,4170500,2009-07-11,70.5,A
USGS,4170500,2009-07-12,66.9,A
USGS,4170500,2009-07-13,60.9,A
USGS,4170500,2009-07-14,55.4,A
USGS,4170500,2009-07-15,51.8,A
USGS,4170500,2009-07-16,49.6,A
USGS,4170500,2009-07-17,51.3,A
USGS,4170500,2009-07-18,47.7,A
USGS,4170500,2009-07-19,45.2,A
USGS,4170500,2009-07-20,46.5,A
USGS,4170500,2009-07-21,47.1,A
USGS,4170500,2009-07-22,45.9,A
USGS,4170500,2009-07-23,53.2,A
USGS,4170500,2009-07-24,55.2,A
USGS,4170500,2009-07-25,55.5,A
USGS,4170500,2009-07-26,56.4,A
USGS,4170500,2009-07-27,57.3,A
USGS,4170500,2009-07-28,61.6,A
USGS,4170500,2009-07-29,71.4,A
USGS,4170500,2009-07-30,65.3,A
USGS,4170500,2009-07-31,61.6,A
USGS,4170500,2009-08-01,55.2,A
USGS,4170500,2009-08-02,55.2,A
USGS,4170500,2009-08-03,49.4,A
USGS,4170500,2009-08-04,49.1,A
USGS,4170500,2009-08-05,49.2,A
USGS,4170500,2009-08-06,44.4,A
USGS,4170500,2009-08-07,43.3,A
USGS,4170500,2009-08-08,77.7,A
USGS,4170500,2009-08-09,128,A
USGS,4170500,2009-08-10,175,A
USGS,4170500,2009-08-11,182,A
USGS,4170500,2009-08-12,169,A
USGS,4170500,2009-08-13,145,A
USGS,4170500,2009-08-14,129,A
USGS,4170500,2009-08-15,115,A
USGS,4170500,2009-08-16,103,A
USGS,4170500,2009-08-17,94.1,A
USGS,4170500,2009-08-18,87.8,A
USGS,4170500,2009-08-19,82.7,A
USGS,4170500,2009-08-20,74.4,A
USGS,4170500,2009-08-21,70.2,A
USGS,4170500,2009-08-22,77.1,A
USGS,4170500,2009-08-23,73.2,A
USGS,4170500,2009-08-24,69.0,A
USGS,4170500,2009-08-25,64.1,A
USGS,4170500,2009-08-26,79.3,A
USGS,4170500,2009-08-27,86.6,A
USGS,4170500,2009-08-28,102,A
USGS,4170500,2009-08-29,132,A
USGS,4170500,2009-08-30,140,A
USGS,4170500,2009-08-31,134,A
USGS,4170500,2009-09-01,119,A
USGS,4170500,2009-09-02,108,A
USGS,4170500,2009-09-03,97.2,A
USGS,4170500,2009-09-04,86.8,A
USGS,4170500,2009-09-05,80.8,A
USGS,4170500,2009-09-06,76.1,A
USGS,4170500,2009-09-07,73.5,A
USGS,4170500,2009-09-08,77.1,A
USGS,4170500,2009-09-09,81.2,A
USGS,4170500,2009-09-10,79.0,A
USGS,4170500,2009-09-11,76.2,A
USGS,4170500,2009-09-12,71.6,A
USGS,4170500,2009-09-13,66.6,A
USGS,4170500,2009-09-14,64.0,A
USGS,4170500,2009-09-15,63.6,A
USGS,4170500,2009-09-16,58.1,A
USGS,4170500,2009-09-17,51.6,A
USGS,4170500,2009-09-18,48.7,A
USGS,4170500,2009-09-19,46.1,A
USGS,4170500,2009-09-20,44.6,A
USGS,4170500,2009-09-21,45.5,A
USGS,4170500,2009-09-22,49.5,A
USGS,4170500,2009-09-23,52.0,A
USGS,4170500,2009-09-24,55.2,A
USGS,4170500,2009-09-25,56.2,A
USGS,4170500,2009-09-26,53.6,A
USGS,4170500,2009-09-27,51.7,A
USGS,4170500,2009-09-28,53.9,A
USGS,4170500,2009-09-29,66.3,A
USGS,4170500,2009-09-30,66.6,A
USGS,4170500,2009-10-01,64.1,A
USGS,4170500,2009-10-02,72.7,A
USGS,4170500,2009-10-03,81.6,A
USGS,4170500,2009-10-04,88.8,A
USGS,4170500,2009-10-05,94.6,A
USGS,4170500,2009-10-06,93.9,A
USGS,4170500,2009-10-07,91.9,A
USGS,4170500,2009-10-08,93.4,A
USGS,4170500,2009-10-09,108,A
USGS,4170500,2009-10-10,123,A
USGS,4170500,2009-10-11,129,A
USGS,4170500,2009-10-12,125,A
USGS,4170500,2009-10-13,118,A
USGS,4170500,2009-10-14,111,A
USGS,4170500,2009-10-15,104,A
USGS,4170500,2009-10-16,98.9,A
USGS,4170500,2009-10-17,94.9,A
USGS,4170500,2009-10-18,91.8,A
USGS,4170500,2009-10-19,87.0,A
USGS,4170500,2009-10-20,86.7,A
USGS,4170500,2009-10-21,86.6,A
USGS,4170500,2009-10-22,88.7,A
USGS,4170500,2009-10-23,103,A
USGS,4170500,2009-10-24,117,A
USGS,4170500,2009-10-25,129,A
USGS,4170500,2009-10-26,129,A
USGS,4170500,2009-10-27,126,A
USGS,4170500,2009-10-28,130,A
USGS,4170500,2009-10-29,131,A
USGS,4170500,2009-10-30,145,A
USGS,4170500,2009-10-31,174,A
USGS,4170500,2009-11-01,193,A
USGS,4170500,2009-11-02,258,A
USGS,4170500,2009-11-03,260,A
USGS,4170500,2009-11-04,283,A
USGS,4170500,2009-11-05,273,A
USGS,4170500,2009-11-06,270,A
USGS,4170500,2009-11-07,250,A
USGS,4170500,2009-11-08,207,A
USGS,4170500,2009-11-09,181,A
USGS,4170500,2009-11-10,226,A
USGS,4170500,2009-11-11,220,A
USGS,4170500,2009-11-12,165,A
USGS,4170500,2009-11-13,214,A
USGS,4170500,2009-11-14,204,A
USGS,4170500,2009-11-15,165,A
USGS,4170500,2009-11-16,201,A
USGS,4170500,2009-11-17,205,A
USGS,4170500,2009-11-18,215,A
USGS,4170500,2009-11-19,212,A
USGS,4170500,2009-11-20,175,A
USGS,4170500,2009-11-21,157,A
USGS,4170500,2009-11-22,146,A
USGS,4170500,2009-11-23,134,A
USGS,4170500,2009-11-24,170,A
USGS,4170500,2009-11-25,174,A
USGS,4170500,2009-11-26,154,A
USGS,4170500,2009-11-27,142,A
USGS,4170500,2009-11-28,133,A
USGS,4170500,2009-11-29,126,A
USGS,4170500,2009-11-30,146,A
USGS,4170500,2009-12-01,139,A
USGS,4170500,2009-12-02,132,A
USGS,4170500,2009-12-03,140,A
USGS,4170500,2009-12-04,142,A
USGS,4170500,2009-12-05,143,A
USGS,4170500,2009-12-06,133,A
USGS,4170500,2009-12-07,130,A
USGS,4170500,2009-12-08,128,A
USGS,4170500,2009-12-09,126,A
USGS,4170500,2009-12-10,132,A:e
USGS,4170500,2009-12-11,138,A:e
USGS,4170500,2009-12-12,132,A:e
USGS,4170500,2009-12-13,134,A:e
USGS,4170500,2009-12-14,140,A:e
USGS,4170500,2009-12-15,142,A
USGS,4170500,2009-12-16,140,A
USGS,4170500,2009-12-17,137,A
USGS,4170500,2009-12-18,132,A:e
USGS,4170500,2009-12-19,130,A:e
USGS,4170500,2009-12-20,128,A:e
USGS,4170500,2009-12-21,126,A:e
USGS,4170500,2009-12-22,122,A:e
USGS,4170500,2009-12-23,118,A
USGS,4170500,2009-12-24,115,A
USGS,4170500,2009-12-25,125,A
USGS,4170500,2009-12-26,151,A
USGS,4170500,2009-12-27,170,A
USGS,4170500,2009-12-28,176,A
USGS,4170500,2009-12-29,168,A
USGS,4170500,2009-12-30,162,A
USGS,4170500,2009-12-31,158,A
USGS,4170500,2010-01-01,152,A
USGS,4170500,2010-01-02,146,A
USGS,4170500,2010-01-03,138,A
USGS,4170500,2010-01-04,136,A
USGS,4170500,2010-01-05,133,A
USGS,4170500,2010-01-06,131,A
USGS,4170500,2010-01-07,130,A
USGS,4170500,2010-01-08,131,A
USGS,4170500,2010-01-09,127,A
USGS,4170500,2010-01-10,122,A
USGS,4170500,2010-01-11,120,A
USGS,4170500,2010-01-12,118,A
USGS,4170500,2010-01-13,117,A
USGS,4170500,2010-01-14,115,A
USGS,4170500,2010-01-15,115,A
USGS,4170500,2010-01-16,114,A
USGS,4170500,2010-01-17,112,A
USGS,4170500,2010-01-18,110,A
USGS,4170500,2010-01-19,108,A
USGS,4170500,2010-01-20,106,A
USGS,4170500,2010-01-21,102,A
USGS,4170500,2010-01-22,102,A
USGS,4170500,2010-01-23,98.3,A
USGS,4170500,2010-01-24,101,A
USGS,4170500,2010-01-25,112,A
USGS,4170500,2010-01-26,121,A
USGS,4170500,2010-01-27,122,A
USGS,4170500,2010-01-28,118,A
USGS,4170500,2010-01-29,112,A
USGS,4170500,2010-01-30,109,A
USGS,4170500,2010-01-31,106,A
USGS,4170500,2010-02-01,104,A
USGS,4170500,2010-02-02,98.8,A
USGS,4170500,2010-02-03,98.3,A
USGS,4170500,2010-02-04,94.9,A
USGS,4170500,2010-02-05,93.0,A
USGS,4170500,2010-02-06,89.7,A
USGS,4170500,2010-02-07,87.4,A
USGS,4170500,2010-02-08,85.1,A
USGS,4170500,2010-02-09,85.3,A
USGS,4170500,2010-02-10,90.3,A
USGS,4170500,2010-02-11,89.2,A
USGS,4170500,2010-02-12,87.8,A
USGS,4170500,2010-02-13,86.6,A
USGS,4170500,2010-02-14,85.8,A
USGS,4170500,2010-02-15,84.4,A
USGS,4170500,2010-02-16,84.8,A
USGS,4170500,2010-02-17,84.9,A
USGS,4170500,2010-02-18,85.0,A
USGS,4170500,2010-02-19,84.5,A
USGS,4170500,2010-02-20,84.4,A
USGS,4170500,2010-02-21,84.4,A
USGS,4170500,2010-02-22,91.3,A
USGS,4170500,2010-02-23,93.1,A
USGS,4170500,2010-02-24,93.4,A
USGS,4170500,2010-02-25,93.5,A
USGS,4170500,2010-02-26,95.3,A
USGS,4170500,2010-02-27,98.3,A
USGS,4170500,2010-02-28,98.3,A
USGS,4170500,2010-03-01,98.3,A
USGS,4170500,2010-03-02,98.8,A
USGS,4170500,2010-03-03,98.2,A
USGS,4170500,2010-03-04,96.6,A
USGS,4170500,2010-03-05,94.8,A
USGS,4170500,2010-03-06,94.1,A
USGS,4170500,2010-03-07,93.9,A
USGS,4170500,2010-03-08,95.9,A
USGS,4170500,2010-03-09,103,A
USGS,4170500,2010-03-10,116,A
USGS,4170500,2010-03-11,138,A
USGS,4170500,2010-03-12,174,A
USGS,4170500,2010-03-13,212,A
USGS,4170500,2010-03-14,234,A
USGS,4170500,2010-03-15,241,A
USGS,4170500,2010-03-16,239,A
USGS,4170500,2010-03-17,232,A
USGS,4170500,2010-03-18,215,A
USGS,4170500,2010-03-19,159,A
USGS,4170500,2010-03-20,150,A
USGS,4170500,2010-03-21,156,A
USGS,4170500,2010-03-22,107,A
USGS,4170500,2010-03-23,90.5,A
USGS,4170500,2010-03-24,111,A
USGS,4170500,2010-03-25,91.4,A
USGS,4170500,2010-03-26,88.0,A
USGS,4170500,2010-03-27,95.9,A
USGS,4170500,2010-03-28,109,A
USGS,4170500,2010-03-29,90.1,A
USGS,4170500,2010-03-30,89.2,A
USGS,4170500,2010-03-31,64.8,A
USGS,4170500,2010-04-01,58.9,A
USGS,4170500,2010-04-02,79.0,A
USGS,4170500,2010-04-03,88.9,A
USGS,4170500,2010-04-04,95.7,A
USGS,4170500,2010-04-05,100,A
USGS,4170500,2010-04-06,84.0,A
USGS,4170500,2010-04-07,89.3,A
USGS,4170500,2010-04-08,110,A
USGS,4170500,2010-04-09,118,A
USGS,4170500,2010-04-10,111,A
USGS,4170500,2010-04-11,112,A
USGS,4170500,2010-04-12,75.6,A
USGS,4170500,2010-04-13,74.7,A
USGS,4170500,2010-04-14,58.4,A
USGS,4170500,2010-04-15,51.0,A
USGS,4170500,2010-04-16,66.0,A
USGS,4170500,2010-04-17,73.0,A
USGS,4170500,2010-04-18,76.7,A
USGS,4170500,2010-04-19,79.1,A
USGS,4170500,2010-04-20,49.9,A
USGS,4170500,2010-04-21,43.3,A
USGS,4170500,2010-04-22,53.9,A
USGS,4170500,2010-04-23,59.1,A
USGS,4170500,2010-04-24,65.8,A
USGS,4170500,2010-04-25,86.2,A
USGS,4170500,2010-04-26,95.2,A
USGS,4170500,2010-04-27,91.0,A
USGS,4170500,2010-04-28,45.1,A
USGS,4170500,2010-04-29,38.4,A
USGS,4170500,2010-04-30,52.1,A
USGS,4170500,2010-05-01,67.3,A
USGS,4170500,2010-05-02,95.7,A
USGS,4170500,2010-05-03,140,A
USGS,4170500,2010-05-04,160,A
USGS,4170500,2010-05-05,162,A
USGS,4170500,2010-05-06,153,A
USGS,4170500,2010-05-07,165,A
USGS,4170500,2010-05-08,187,A
USGS,4170500,2010-05-09,204,A
USGS,4170500,2010-05-10,208,A
USGS,4170500,2010-05-11,221,A
USGS,4170500,2010-05-12,243,A
USGS,4170500,2010-05-13,269,A
USGS,4170500,2010-05-14,286,A
USGS,4170500,2010-05-15,294,A
USGS,4170500,2010-05-16,289,A
USGS,4170500,2010-05-17,273,A
USGS,4170500,2010-05-18,252,A
USGS,4170500,2010-05-19,223,A
USGS,4170500,2010-05-20,194,A
USGS,4170500,2010-05-21,185,A
USGS,4170500,2010-05-22,225,A
USGS,4170500,2010-05-23,235,A
USGS,4170500,2010-05-24,246,A
USGS,4170500,2010-05-25,232,A
USGS,4170500,2010-05-26,214,A
USGS,4170500,2010-05-27,189,A
USGS,4170500,2010-05-28,171,A
USGS,4170500,2010-05-29,153,A
USGS,4170500,2010-05-30,134,A
USGS,4170500,2010-05-31,121,A
USGS,4170500,2010-06-01,124,A
USGS,4170500,2010-06-02,125,A
USGS,4170500,2010-06-03,128,A
USGS,4170500,2010-06-04,128,A
USGS,4170500,2010-06-05,137,A
USGS,4170500,2010-06-06,241,A
USGS,4170500,2010-06-07,282,A
USGS,4170500,2010-06-08,305,A
USGS,4170500,2010-06-09,320,A
USGS,4170500,2010-06-10,316,A
USGS,4170500,2010-06-11,290,A
USGS,4170500,2010-06-12,258,A
USGS,4170500,2010-06-13,233,A
USGS,4170500,2010-06-14,206,A
USGS,4170500,2010-06-15,182,A
USGS,4170500,2010-06-16,151,A
USGS,4170500,2010-06-17,145,A
USGS,4170500,2010-06-18,131,A
USGS,4170500,2010-06-19,132,A
USGS,4170500,2010-06-20,124,A
USGS,4170500,2010-06-21,112,A
USGS,4170500,2010-06-22,114,A
USGS,4170500,2010-06-23,119,A
USGS,4170500,2010-06-24,124,A
USGS,4170500,2010-06-25,117,A
USGS,4170500,2010-06-26,109,A
USGS,4170500,2010-06-27,106,A
USGS,4170500,2010-06-28,101,A
USGS,4170500,2010-06-29,93.2,A
USGS,4170500,2010-06-30,81.2,A
USGS,4170500,2010-07-01,72.3,A
USGS,4170500,2010-07-02,63.1,A
USGS,4170500,2010-07-03,56.7,A
USGS,4170500,2010-07-04,51.4,A
USGS,4170500,2010-07-05,46.8,A
USGS,4170500,2010-07-06,44.0,A
USGS,4170500,2010-07-07,41.9,A
USGS,4170500,2010-07-08,45.5,A
USGS,4170500,2010-07-09,54.0,A
USGS,4170500,2010-07-10,47.4,A
USGS,4170500,2010-07-11,40.6,A
USGS,4170500,2010-07-12,45.0,A
USGS,4170500,2010-07-13,48.4,A
USGS,4170500,2010-07-14,45.1,A
USGS,4170500,2010-07-15,44.4,A
USGS,4170500,2010-07-16,59.4,A
USGS,4170500,2010-07-17,57.2,A
USGS,4170500,2010-07-18,53.2,A
USGS,4170500,2010-07-19,50.3,A
USGS,4170500,2010-07-20,56.6,A
USGS,4170500,2010-07-21,57.8,A
USGS,4170500,2010-07-22,58.4,A
USGS,4170500,2010-07-23,74.5,A
USGS,4170500,2010-07-24,97.6,A
USGS,4170500,2010-07-25,110,A
USGS,4170500,2010-07-26,97.7,A
USGS,4170500,2010-07-27,84.8,A
USGS,4170500,2010-07-28,78.1,A
USGS,4170500,2010-07-29,88.4,A
USGS,4170500,2010-07-30,87.2,A
USGS,4170500,2010-07-31,81.4,A
USGS,4170500,2010-08-01,77.1,A
USGS,4170500,2010-08-02,71.5,A
USGS,4170500,2010-08-03,67.3,A
USGS,4170500,2010-08-04,67.6,A
USGS,4170500,2010-08-05,66.2,A
USGS,4170500,2010-08-06,61.2,A
USGS,4170500,2010-08-07,54.5,A
USGS,4170500,2010-08-08,48.3,A
USGS,4170500,2010-08-09,48.6,A
USGS,4170500,2010-08-10,53.0,A
USGS,4170500,2010-08-11,50.7,A
USGS,4170500,2010-08-12,50.1,A
USGS,4170500,2010-08-13,49.8,A
USGS,4170500,2010-08-14,45.5,A
USGS,4170500,2010-08-15,47.3,A
USGS,4170500,2010-08-16,44.6,A
USGS,4170500,2010-08-17,40.1,A
USGS,4170500,2010-08-18,38.2,A
USGS,4170500,2010-08-19,37.2,A
USGS,4170500,2010-08-20,37.6,A
USGS,4170500,2010-08-21,39.2,A
USGS,4170500,2010-08-22,41.5,A
USGS,4170500,2010-08-23,39.1,A
USGS,4170500,2010-08-24,38.2,A
USGS,4170500,2010-08-25,38.3,A
USGS,4170500,2010-08-26,36.8,A
USGS,4170500,2010-08-27,35.1,A
USGS,4170500,2010-08-28,34.4,A
USGS,4170500,2010-08-29,34.0,A
USGS,4170500,2010-08-30,33.7,A
USGS,4170500,2010-08-31,32.6,A
USGS,4170500,2010-09-01,33.0,A
USGS,4170500,2010-09-02,34.8,A
USGS,4170500,2010-09-03,31.9,A
USGS,4170500,2010-09-04,28.3,A
USGS,4170500,2010-09-05,25.4,A
USGS,4170500,2010-09-06,26.7,A
USGS,4170500,2010-09-07,23.4,A
USGS,4170500,2010-09-08,24.1,A
USGS,4170500,2010-09-09,23.7,A
USGS,4170500,2010-09-10,23.6,A
USGS,4170500,2010-09-11,25.7,A
USGS,4170500,2010-09-12,30.1,A
USGS,4170500,2010-09-13,30.9,A
USGS,4170500,2010-09-14,30.5,A
USGS,4170500,2010-09-15,29.8,A
USGS,4170500,2010-09-16,41.4,A
USGS,4170500,2010-09-17,56.0,A
USGS,4170500,2010-09-18,61.8,A
USGS,4170500,2010-09-19,63.7,A
USGS,4170500,2010-09-20,59.5,A
USGS,4170500,2010-09-21,53.9,A
USGS,4170500,2010-09-22,55.9,A
USGS,4170500,2010-09-23,54.1,A
USGS,4170500,2010-09-24,46.4,A
USGS,4170500,2010-09-25,45.7,A
USGS,4170500,2010-09-26,42.8,A
USGS,4170500,2010-09-27,40.6,A
USGS,4170500,2010-09-28,50.5,A
USGS,4170500,2010-09-29,60.7,A
USGS,4170500,2010-09-30,65.2,A
USGS,4170500,2010-10-01,62.2,A
USGS,4170500,2010-10-02,63.9,A
USGS,4170500,2010-10-03,61.7,A
USGS,4170500,2010-10-04,56.8,A
USGS,4170500,2010-10-05,54.8,A
USGS,4170500,2010-10-06,54.4,A
USGS,4170500,2010-10-07,53.3,A
USGS,4170500,2010-10-08,52.7,A
USGS,4170500,2010-10-09,52.7,A
USGS,4170500,2010-10-10,52.0,A
USGS,4170500,2010-10-11,53.5,A
USGS,4170500,2010-10-12,53.3,A
USGS,4170500,2010-10-13,52.9,A
USGS,4170500,2010-10-14,58.7,A
USGS,4170500,2010-10-15,63.3,A
USGS,4170500,2010-10-16,61.6,A
USGS,4170500,2010-10-17,60.6,A
USGS,4170500,2010-10-18,60.1,A
USGS,4170500,2010-10-19,59.5,A
USGS,4170500,2010-10-20,58.3,A
USGS,4170500,2010-10-21,68.3,A
USGS,4170500,2010-10-22,69.5,A
USGS,4170500,2010-10-23,70.9,A
USGS,4170500,2010-10-24,69.6,A
USGS,4170500,2010-10-25,71.1,A
USGS,4170500,2010-10-26,72.0,A
USGS,4170500,2010-10-27,69.0,A
USGS,4170500,2010-10-28,75.0,A
USGS,4170500,2010-10-29,77.7,A
USGS,4170500,2010-10-30,76.9,A
USGS,4170500,2010-10-31,79.4,A
USGS,4170500,2010-11-01,153,A
USGS,4170500,2010-11-02,158,A
USGS,4170500,2010-11-03,125,A
USGS,4170500,2010-11-04,111,A
USGS,4170500,2010-11-05,168,A
USGS,4170500,2010-11-06,165,A
USGS,4170500,2010-11-07,131,A
USGS,4170500,2010-11-08,192,A
USGS,4170500,2010-11-09,173,A
USGS,4170500,2010-11-10,136,A
USGS,4170500,2010-11-11,114,A
USGS,4170500,2010-11-12,174,A
USGS,4170500,2010-11-13,172,A
USGS,4170500,2010-11-14,124,A
USGS,4170500,2010-11-15,155,A
USGS,4170500,2010-11-16,153,A
USGS,4170500,2010-11-17,170,A
USGS,4170500,2010-11-18,161,A
USGS,4170500,2010-11-19,126,A
USGS,4170500,2010-11-20,112,A
USGS,4170500,2010-11-21,99.3,A
USGS,4170500,2010-11-22,92.4,A
USGS,4170500,2010-11-23,126,A
USGS,4170500,2010-11-24,137,A
USGS,4170500,2010-11-25,128,A
USGS,4170500,2010-11-26,122,A
USGS,4170500,2010-11-27,125,A
USGS,4170500,2010-11-28,122,A
USGS,4170500,2010-11-29,116,A
USGS,4170500,2010-11-30,118,A
USGS,4170500,2010-12-01,121,A
USGS,4170500,2010-12-02,125,A
USGS,4170500,2010-12-03,138,A
USGS,4170500,2010-12-04,134,A
USGS,4170500,2010-12-05,121,A
USGS,4170500,2010-12-06,120,A
USGS,4170500,2010-12-07,114,A
USGS,4170500,2010-12-08,105,A
USGS,4170500,2010-12-09,96.8,A
USGS,4170500,2010-12-10,92.4,A
USGS,4170500,2010-12-11,90.3,A
USGS,4170500,2010-12-12,96.1,A
USGS,4170500,2010-12-13,96.8,A
USGS,4170500,2010-12-14,91.9,A
USGS,4170500,2010-12-15,86.9,A
USGS,4170500,2010-12-16,79.3,A
USGS,4170500,2010-12-17,75.8,A
USGS,4170500,2010-12-18,70.1,A
USGS,4170500,2010-12-19,65.4,A
USGS,4170500,2010-12-20,63.5,A
USGS,4170500,2010-12-21,61.5,A
USGS,4170500,2010-12-22,60.6,A
USGS,4170500,2010-12-23,57.8,A
USGS,4170500,2010-12-24,57.6,A
USGS,4170500,2010-12-25,57.6,A
USGS,4170500,2010-12-26,56.4,A
USGS,4170500,2010-12-27,54.7,A
USGS,4170500,2010-12-28,54.7,A
USGS,4170500,2010-12-29,54.7,A
USGS,4170500,2010-12-30,54.7,A
USGS,4170500,2010-12-31,58.7,A
USGS,4170500,2011-01-01,91.1,A
USGS,4170500,2011-01-02,120,A
USGS,4170500,2011-01-03,125,A
USGS,4170500,2011-01-04,118,A
USGS,4170500,2011-01-05,110,A
USGS,4170500,2011-01-06,106,A
USGS,4170500,2011-01-07,104,A
USGS,4170500,2011-01-08,102,A
USGS,4170500,2011-01-09,98.8,A
USGS,4170500,2011-01-10,94.7,A
USGS,4170500,2011-01-11,93.0,A
USGS,4170500,2011-01-12,93.6,A
USGS,4170500,2011-01-13,93.0,A
USGS,4170500,2011-01-14,92.2,A
USGS,4170500,2011-01-15,91.3,A
USGS,4170500,2011-01-16,89.7,A
USGS,4170500,2011-01-17,86.6,A
USGS,4170500,2011-01-18,85.6,A
USGS,4170500,2011-01-19,86.1,A
USGS,4170500,2011-01-20,86.1,A
USGS,4170500,2011-01-21,84.7,A
USGS,4170500,2011-01-22,84.4,A
USGS,4170500,2011-01-23,81.2,A
USGS,4170500,2011-01-24,75.3,A
USGS,4170500,2011-01-25,74.6,A
USGS,4170500,2011-01-26,74.6,A
USGS,4170500,2011-01-27,74.6,A
USGS,4170500,2011-01-28,74.6,A
USGS,4170500,2011-01-29,74.6,A
USGS,4170500,2011-01-30,74.6,A
USGS,4170500,2011-01-31,71.9,A
USGS,4170500,2011-02-01,71.7,A
USGS,4170500,2011-02-02,74.4,A
USGS,4170500,2011-02-03,73.6,A
USGS,4170500,2011-02-04,73.0,A
USGS,4170500,2011-02-05,73.0,A
USGS,4170500,2011-02-06,73.0,A
USGS,4170500,2011-02-07,73.0,A
USGS,4170500,2011-02-08,71.8,A
USGS,4170500,2011-02-09,69.6,A
USGS,4170500,2011-02-10,66.7,A
USGS,4170500,2011-02-11,65.7,A
USGS,4170500,2011-02-12,66.0,A
USGS,4170500,2011-02-13,66.4,A
USGS,4170500,2011-02-14,67.3,A
USGS,4170500,2011-02-15,68.7,A
USGS,4170500,2011-02-16,69.8,A
USGS,4170500,2011-02-17,73.2,A
USGS,4170500,2011-02-18,91.6,A
USGS,4170500,2011-02-19,110,A
USGS,4170500,2011-02-20,118,A
USGS,4170500,2011-02-21,126,A
USGS,4170500,2011-02-22,121,A
USGS,4170500,2011-02-23,111,A
USGS,4170500,2011-02-24,110,A
USGS,4170500,2011-02-25,108,A
USGS,4170500,2011-02-26,106,A
USGS,4170500,2011-02-27,106,A
USGS,4170500,2011-02-28,116,A
USGS,4170500,2011-03-01,124,A
USGS,4170500,2011-03-02,131,A
USGS,4170500,2011-03-03,131,A
USGS,4170500,2011-03-04,129,A
USGS,4170500,2011-03-05,156,A
USGS,4170500,2011-03-06,196,A
USGS,4170500,2011-03-07,208,A
USGS,4170500,2011-03-08,210,A
USGS,4170500,2011-03-09,208,A
USGS,4170500,2011-03-10,221,A
USGS,4170500,2011-03-11,237,A
USGS,4170500,2011-03-12,240,A
USGS,4170500,2011-03-13,236,A
USGS,4170500,2011-03-14,226,A
USGS,4170500,2011-03-15,217,A
USGS,4170500,2011-03-16,215,A
USGS,4170500,2011-03-17,216,A
USGS,4170500,2011-03-18,228,A
USGS,4170500,2011-03-19,232,A
USGS,4170500,2011-03-20,227,A
USGS,4170500,2011-03-21,250,A
USGS,4170500,2011-03-22,265,A
USGS,4170500,2011-03-23,171,A
USGS,4170500,2011-03-24,176,A
USGS,4170500,2011-03-25,223,A
USGS,4170500,2011-03-26,238,A
USGS,4170500,2011-03-27,234,A
USGS,4170500,2011-03-28,215,A
USGS,4170500,2011-03-29,202,A
USGS,4170500,2011-03-30,157,A
USGS,4170500,2011-03-31,136,A
USGS,4170500,2011-04-01,150,A
USGS,4170500,2011-04-02,155,A
USGS,4170500,2011-04-03,156,A
USGS,4170500,2011-04-04,76.4,A
USGS,4170500,2011-04-05,61.3,A
USGS,4170500,2011-04-06,101,A
USGS,4170500,2011-04-07,137,A
USGS,4170500,2011-04-08,163,A
USGS,4170500,2011-04-09,168,A
USGS,4170500,2011-04-10,161,A
USGS,4170500,2011-04-11,110,A
USGS,4170500,2011-04-12,122,A
USGS,4170500,2011-04-13,133,A
USGS,4170500,2011-04-14,80.5,A
USGS,4170500,2011-04-15,82.5,A
USGS,4170500,2011-04-16,96.9,A
USGS,4170500,2011-04-17,110,A
USGS,4170500,2011-04-18,129,A
USGS,4170500,2011-04-19,137,A
USGS,4170500,2011-04-20,82.5,A
USGS,4170500,2011-04-21,79.0,A
USGS,4170500,2011-04-22,115,A
USGS,4170500,2011-04-23,145,A
USGS,4170500,2011-04-24,167,A
USGS,4170500,2011-04-25,184,A
USGS,4170500,2011-04-26,185,A
USGS,4170500,2011-04-27,196,A
USGS,4170500,2011-04-28,280,A
USGS,4170500,2011-04-29,334,A
USGS,4170500,2011-04-30,354,A
USGS,4170500,2011-05-01,361,A
USGS,4170500,2011-05-02,351,A
USGS,4170500,2011-05-03,325,A
USGS,4170500,2011-05-04,304,A
USGS,4170500,2011-05-05,282,A
USGS,4170500,2011-05-06,266,A
USGS,4170500,2011-05-07,251,A
USGS,4170500,2011-05-08,233,A
USGS,4170500,2011-05-09,214,A
USGS,4170500,2011-05-10,210,A
USGS,4170500,2011-05-11,214,A
USGS,4170500,2011-05-12,212,A
USGS,4170500,2011-05-13,213,A
USGS,4170500,2011-05-14,243,A
USGS,4170500,2011-05-15,283,A
USGS,4170500,2011-05-16,329,A
USGS,4170500,2011-05-17,361,A
USGS,4170500,2011-05-18,378,A
USGS,4170500,2011-05-19,387,A
USGS,4170500,2011-05-20,387,A
USGS,4170500,2011-05-21,379,A
USGS,4170500,2011-05-22,361,A
USGS,4170500,2011-05-23,338,A
USGS,4170500,2011-05-24,326,A
USGS,4170500,2011-05-25,325,A
USGS,4170500,2011-05-26,383,A
USGS,4170500,2011-05-27,418,A
USGS,4170500,2011-05-28,444,A
USGS,4170500,2011-05-29,473,A
USGS,4170500,2011-05-30,474,A
USGS,4170500,2011-05-31,453,A
USGS,4170500,2011-06-01,421,A
USGS,4170500,2011-06-02,394,A
USGS,4170500,2011-06-03,359,A
USGS,4170500,2011-06-04,335,A
USGS,4170500,2011-06-05,317,A
USGS,4170500,2011-06-06,290,A
USGS,4170500,2011-06-07,267,A
USGS,4170500,2011-06-08,245,A
USGS,4170500,2011-06-09,228,A
USGS,4170500,2011-06-10,216,A
USGS,4170500,2011-06-11,210,A
USGS,4170500,2011-06-12,199,A
USGS,4170500,2011-06-13,181,A
USGS,4170500,2011-06-14,164,A
USGS,4170500,2011-06-15,143,A
USGS,4170500,2011-06-16,137,A
USGS,4170500,2011-06-17,136,A
USGS,4170500,2011-06-18,132,A
USGS,4170500,2011-06-19,124,A
USGS,4170500,2011-06-20,109,A
USGS,4170500,2011-06-21,104,A
USGS,4170500,2011-06-22,104,A
USGS,4170500,2011-06-23,111,A
USGS,4170500,2011-06-24,116,A
USGS,4170500,2011-06-25,117,A
USGS,4170500,2011-06-26,117,A
USGS,4170500,2011-06-27,111,A
USGS,4170500,2011-06-28,109,A
USGS,4170500,2011-06-29,107,A
USGS,4170500,2011-06-30,105,A
USGS,4170500,2011-07-01,101,A
USGS,4170500,2011-07-02,95.1,A
USGS,4170500,2011-07-03,92.0,A
USGS,4170500,2011-07-04,87.9,A
USGS,4170500,2011-07-05,82.4,A
USGS,4170500,2011-07-06,80.0,A
USGS,4170500,2011-07-07,77.7,A
USGS,4170500,2011-07-08,72.8,A
USGS,4170500,2011-07-09,71.0,A
USGS,4170500,2011-07-10,65.2,A
USGS,4170500,2011-07-11,64.6,A
USGS,4170500,2011-07-12,69.4,A
USGS,4170500,2011-07-13,66.5,A
USGS,4170500,2011-07-14,61.4,A
USGS,4170500,2011-07-15,59.2,A
USGS,4170500,2011-07-16,54.2,A
USGS,4170500,2011-07-17,51.7,A
USGS,4170500,2011-07-18,52.9,A
USGS,4170500,2011-07-19,62.7,A
USGS,4170500,2011-07-20,65.1,A
USGS,4170500,2011-07-21,62.2,A
USGS,4170500,2011-07-22,59.7,A
USGS,4170500,2011-07-23,57.4,A
USGS,4170500,2011-07-24,56.7,A
USGS,4170500,2011-07-25,55.4,A
USGS,4170500,2011-07-26,49.0,A
USGS,4170500,2011-07-27,46.1,A
USGS,4170500,2011-07-28,121,A
USGS,4170500,2011-07-29,211,A
USGS,4170500,2011-07-30,254,A
USGS,4170500,2011-07-31,264,A
USGS,4170500,2011-08-01,253,A
USGS,4170500,2011-08-02,227,A
USGS,4170500,2011-08-03,233,A
USGS,4170500,2011-08-04,226,A
USGS,4170500,2011-08-05,216,A
USGS,4170500,2011-08-06,196,A
USGS,4170500,2011-08-07,179,A
USGS,4170500,2011-08-08,168,A
USGS,4170500,2011-08-09,225,A
USGS,4170500,2011-08-10,244,A
USGS,4170500,2011-08-11,252,A
USGS,4170500,2011-08-12,248,A
USGS,4170500,2011-08-13,238,A
USGS,4170500,2011-08-14,234,A
USGS,4170500,2011-08-15,226,A
USGS,4170500,2011-08-16,211,A
USGS,4170500,2011-08-17,186,A
USGS,4170500,2011-08-18,167,A
USGS,4170500,2011-08-19,153,A
USGS,4170500,2011-08-20,147,A
USGS,4170500,2011-08-21,166,A
USGS,4170500,2011-08-22,160,A
USGS,4170500,2011-08-23,145,A
USGS,4170500,2011-08-24,151,A
USGS,4170500,2011-08-25,163,A
USGS,4170500,2011-08-26,157,A
USGS,4170500,2011-08-27,148,A
USGS,4170500,2011-08-28,132,A
USGS,4170500,2011-08-29,118,A
USGS,4170500,2011-08-30,109,A
USGS,4170500,2011-08-31,106,A
USGS,4170500,2011-09-01,104,A
USGS,4170500,2011-09-02,99.9,A
USGS,4170500,2011-09-03,94.2,A
USGS,4170500,2011-09-04,92.4,A
USGS,4170500,2011-09-05,87.4,A
USGS,4170500,2011-09-06,82.3,A
USGS,4170500,2011-09-07,78.9,A
USGS,4170500,2011-09-08,94.6,A
USGS,4170500,2011-09-09,114,A
USGS,4170500,2011-09-10,200,A
USGS,4170500,2011-09-11,238,A
USGS,4170500,2011-09-12,259,A
USGS,4170500,2011-09-13,263,A
USGS,4170500,2011-09-14,248,A
USGS,4170500,2011-09-15,230,A
USGS,4170500,2011-09-16,201,A
USGS,4170500,2011-09-17,175,A
USGS,4170500,2011-09-18,149,A
USGS,4170500,2011-09-19,140,A
USGS,4170500,2011-09-20,158,A
USGS,4170500,2011-09-21,157,A
USGS,4170500,2011-09-22,152,A
USGS,4170500,2011-09-23,148,A
USGS,4170500,2011-09-24,140,A
USGS,4170500,2011-09-25,131,A
USGS,4170500,2011-09-26,133,A
USGS,4170500,2011-09-27,137,A
USGS,4170500,2011-09-28,143,A
USGS,4170500,2011-09-29,151,A
USGS,4170500,2011-09-30,175,A
USGS,4170500,2011-10-01,193,A
USGS,4170500,2011-10-02,190,A
USGS,4170500,2011-10-03,185,A
USGS,4170500,2011-10-04,172,A
USGS,4170500,2011-10-05,157,A
USGS,4170500,2011-10-06,138,A
USGS,4170500,2011-10-07,126,A
USGS,4170500,2011-10-08,116,A
USGS,4170500,2011-10-09,112,A
USGS,4170500,2011-10-10,108,A
USGS,4170500,2011-10-11,104,A
USGS,4170500,2011-10-12,101,A
USGS,4170500,2011-10-13,100,A
USGS,4170500,2011-10-14,99.0,A
USGS,4170500,2011-10-15,98.4,A
USGS,4170500,2011-10-16,109,A
USGS,4170500,2011-10-17,103,A
USGS,4170500,2011-10-18,104,A
USGS,4170500,2011-10-19,114,A
USGS,4170500,2011-10-20,144,A
USGS,4170500,2011-10-21,169,A
USGS,4170500,2011-10-22,188,A
USGS,4170500,2011-10-23,194,A
USGS,4170500,2011-10-24,195,A
USGS,4170500,2011-10-25,193,A
USGS,4170500,2011-10-26,187,A
USGS,4170500,2011-10-27,183,A
USGS,4170500,2011-10-28,174,A
USGS,4170500,2011-10-29,169,A
USGS,4170500,2011-10-30,163,A
USGS,4170500,2011-10-31,160,A
USGS,4170500,2011-11-01,226,A
USGS,4170500,2011-11-02,233,A
USGS,4170500,2011-11-03,201,A
USGS,4170500,2011-11-04,175,A
USGS,4170500,2011-11-05,159,A
USGS,4170500,2011-11-06,149,A
USGS,4170500,2011-11-07,210,A
USGS,4170500,2011-11-08,217,A
USGS,4170500,2011-11-09,233,A
USGS,4170500,2011-11-10,237,A
USGS,4170500,2011-11-11,201,A
USGS,4170500,2011-11-12,175,A
USGS,4170500,2011-11-13,155,A
USGS,4170500,2011-11-14,157,A
USGS,4170500,2011-11-15,226,A
USGS,4170500,2011-11-16,237,A
USGS,4170500,2011-11-17,248,A
USGS,4170500,2011-11-18,219,A
USGS,4170500,2011-11-19,174,A
USGS,4170500,2011-11-20,153,A
USGS,4170500,2011-11-21,219,A
USGS,4170500,2011-11-22,212,A
USGS,4170500,2011-11-23,191,A
USGS,4170500,2011-11-24,181,A
USGS,4170500,2011-11-25,174,A
USGS,4170500,2011-11-26,167,A
USGS,4170500,2011-11-27,169,A
USGS,4170500,2011-11-28,181,A
USGS,4170500,2011-11-29,236,A
USGS,4170500,2011-11-30,275,A
USGS,4170500,2011-12-01,298,A
USGS,4170500,2011-12-02,315,A
USGS,4170500,2011-12-03,312,A
USGS,4170500,2011-12-04,307,A
USGS,4170500,2011-12-05,311,A
USGS,4170500,2011-12-06,303,A
USGS,4170500,2011-12-07,323,A
USGS,4170500,2011-12-08,322,A
USGS,4170500,2011-12-09,294,A
USGS,4170500,2011-12-10,274,A
USGS,4170500,2011-12-11,255,A
USGS,4170500,2011-12-12,244,A
USGS,4170500,2011-12-13,232,A
USGS,4170500,2011-12-14,230,A
USGS,4170500,2011-12-15,272,A
USGS,4170500,2011-12-16,293,A
USGS,4170500,2011-12-17,284,A
USGS,4170500,2011-12-18,270,A
USGS,4170500,2011-12-19,256,A
USGS,4170500,2011-12-20,248,A
USGS,4170500,2011-12-21,241,A
USGS,4170500,2011-12-22,250,A
USGS,4170500,2011-12-23,249,A
USGS,4170500,2011-12-24,239,A
USGS,4170500,2011-12-25,224,A
USGS,4170500,2011-12-26,216,A
USGS,4170500,2011-12-27,213,A
USGS,4170500,2011-12-28,211,A
USGS,4170500,2011-12-29,209,A
USGS,4170500,2011-12-30,205,A
USGS,4170500,2011-12-31,210,A
USGS,4170500,2012-01-01,211,A
USGS,4170500,2012-01-02,217,A
USGS,4170500,2012-01-03,209,A
USGS,4170500,2012-01-04,203,A
USGS,4170500,2012-01-05,194,A
USGS,4170500,2012-01-06,189,A
USGS,4170500,2012-01-07,186,A
USGS,4170500,2012-01-08,182,A
USGS,4170500,2012-01-09,173,A
USGS,4170500,2012-01-10,167,A
USGS,4170500,2012-01-11,165,A
USGS,4170500,2012-01-12,167,A
USGS,4170500,2012-01-13,173,A
USGS,4170500,2012-01-14,172,A
USGS,4170500,2012-01-15,165,A
USGS,4170500,2012-01-16,161,A
USGS,4170500,2012-01-17,174,A
USGS,4170500,2012-01-18,191,A
USGS,4170500,2012-01-19,199,A
USGS,4170500,2012-01-20,198,A
USGS,4170500,2012-01-21,192,A
USGS,4170500,2012-01-22,185,A
USGS,4170500,2012-01-23,187,A
USGS,4170500,2012-01-24,200,A
USGS,4170500,2012-01-25,209,A
USGS,4170500,2012-01-26,209,A
USGS,4170500,2012-01-27,211,A
USGS,4170500,2012-01-28,213,A
USGS,4170500,2012-01-29,214,A
USGS,4170500,2012-01-30,208,A
USGS,4170500,2012-01-31,200,A
USGS,4170500,2012-02-01,199,A
USGS,4170500,2012-02-02,203,A
USGS,4170500,2012-02-03,203,A
USGS,4170500,2012-02-04,200,A
USGS,4170500,2012-02-05,198,A
USGS,4170500,2012-02-06,190,A
USGS,4170500,2012-02-07,188,A
USGS,4170500,2012-02-08,182,A
USGS,4170500,2012-02-09,175,A
USGS,4170500,2012-02-10,173,A
USGS,4170500,2012-02-11,168,A
USGS,4170500,2012-02-12,161,A
USGS,4170500,2012-02-13,157,A
USGS,4170500,2012-02-14,154,A
USGS,4170500,2012-02-15,147,A
USGS,4170500,2012-02-16,157,A
USGS,4170500,2012-02-17,168,A
USGS,4170500,2012-02-18,174,A
USGS,4170500,2012-02-19,175,A
USGS,4170500,2012-02-20,167,A
USGS,4170500,2012-02-21,163,A
USGS,4170500,2012-02-22,160,A
USGS,4170500,2012-02-23,160,A
USGS,4170500,2012-02-24,164,A
USGS,4170500,2012-02-25,163,A
USGS,4170500,2012-02-26,161,A
USGS,4170500,2012-02-27,153,A
USGS,4170500,2012-02-28,152,A
USGS,4170500,2012-02-29,168,A
USGS,4170500,2012-03-01,191,A
USGS,4170500,2012-03-02,213,A
USGS,4170500,2012-03-03,218,A
USGS,4170500,2012-03-04,238,A
USGS,4170500,2012-03-05,235,A
USGS,4170500,2012-03-06,219,A
USGS,4170500,2012-03-07,203,A
USGS,4170500,2012-03-08,208,A
USGS,4170500,2012-03-09,213,A
USGS,4170500,2012-03-10,204,A
USGS,4170500,2012-03-11,200,A
USGS,4170500,2012-03-12,200,A
USGS,4170500,2012-03-13,212,A
USGS,4170500,2012-03-14,218,A
USGS,4170500,2012-03-15,223,A
USGS,4170500,2012-03-16,222,A
USGS,4170500,2012-03-17,211,A
USGS,4170500,2012-03-18,199,A
USGS,4170500,2012-03-19,183,A
USGS,4170500,2012-03-20,172,A
USGS,4170500,2012-03-21,163,A
USGS,4170500,2012-03-22,155,A
USGS,4170500,2012-03-23,149,A
USGS,4170500,2012-03-24,145,A
USGS,4170500,2012-03-25,139,A
USGS,4170500,2012-03-26,130,A
USGS,4170500,2012-03-27,114,A
USGS,4170500,2012-03-28,104,A
USGS,4170500,2012-03-29,98.7,A
USGS,4170500,2012-03-30,104,A
USGS,4170500,2012-03-31,120,A
USGS,4170500,2012-04-01,127,A
USGS,4170500,2012-04-02,124,A
USGS,4170500,2012-04-03,106,A
USGS,4170500,2012-04-04,103,A
USGS,4170500,2012-04-05,67.0,A
USGS,4170500,2012-04-06,48.7,A
USGS,4170500,2012-04-07,58.6,A
USGS,4170500,2012-04-08,66.5,A
USGS,4170500,2012-04-09,46.4,A
USGS,4170500,2012-04-10,43.9,A
USGS,4170500,2012-04-11,42.3,A
USGS,4170500,2012-04-12,43.9,A
USGS,4170500,2012-04-13,34.8,A
USGS,4170500,2012-04-14,40.4,A
USGS,4170500,2012-04-15,48.0,A
USGS,4170500,2012-04-16,63.4,A
USGS,4170500,2012-04-17,47.2,A
USGS,4170500,2012-04-18,53.5,A
USGS,4170500,2012-04-19,78.4,A
USGS,4170500,2012-04-20,68.0,A
USGS,4170500,2012-04-21,64.7,A
USGS,4170500,2012-04-22,83.3,A
USGS,4170500,2012-04-23,46.8,A
USGS,4170500,2012-04-24,33.4,A
USGS,4170500,2012-04-25,50.0,A
USGS,4170500,2012-04-26,68.3,A
USGS,4170500,2012-04-27,76.2,A
USGS,4170500,2012-04-28,82.3,A
USGS,4170500,2012-04-29,82.4,A
USGS,4170500,2012-04-30,85.4,A
USGS,4170500,2012-05-01,48.3,A
USGS,4170500,2012-05-02,49.2,A
USGS,4170500,2012-05-03,66.7,A
USGS,4170500,2012-05-04,71.7,A
USGS,4170500,2012-05-05,95.6,A
USGS,4170500,2012-05-06,133,A
USGS,4170500,2012-05-07,158,A
USGS,4170500,2012-05-08,174,A
USGS,4170500,2012-05-09,178,A
USGS,4170500,2012-05-10,181,A
USGS,4170500,2012-05-11,174,A
USGS,4170500,2012-05-12,169,A
USGS,4170500,2012-05-13,174,A
USGS,4170500,2012-05-14,168,A
USGS,4170500,2012-05-15,155,A
USGS,4170500,2012-05-16,144,A
USGS,4170500,2012-05-17,129,A
USGS,4170500,2012-05-18,114,A
USGS,4170500,2012-05-19,105,A
USGS,4170500,2012-05-20,98.6,A
USGS,4170500,2012-05-21,93.3,A
USGS,4170500,2012-05-22,91.3,A
USGS,4170500,2012-05-23,90.9,A
USGS,4170500,2012-05-24,87.4,A
USGS,4170500,2012-05-25,81.1,A
USGS,4170500,2012-05-26,80.2,A
USGS,4170500,2012-05-27,82.7,A
USGS,4170500,2012-05-28,78.6,A
USGS,4170500,2012-05-29,76.3,A
USGS,4170500,2012-05-30,73.8,A
USGS,4170500,2012-05-31,73.5,A
USGS,4170500,2012-06-01,77.8,A
USGS,4170500,2012-06-02,71.9,A
USGS,4170500,2012-06-03,73.7,A
USGS,4170500,2012-06-04,76.7,A
USGS,4170500,2012-06-05,76.1,A
USGS,4170500,2012-06-06,70.9,A
USGS,4170500,2012-06-07,68.1,A
USGS,4170500,2012-06-08,62.7,A
USGS,4170500,2012-06-09,58.4,A
USGS,4170500,2012-06-10,55.4,A
USGS,4170500,2012-06-11,55.2,A
USGS,4170500,2012-06-12,56.3,A
USGS,4170500,2012-06-13,53.4,A
USGS,4170500,2012-06-14,50.9,A
USGS,4170500,2012-06-15,47.1,A
USGS,4170500,2012-06-16,45.5,A
USGS,4170500,2012-06-17,46.8,A
USGS,4170500,2012-06-18,56.2,A
USGS,4170500,2012-06-19,58.5,A
USGS,4170500,2012-06-20,58.0,A
USGS,4170500,2012-06-21,55.8,A
USGS,4170500,2012-06-22,57.1,A
USGS,4170500,2012-06-23,51.5,A
USGS,4170500,2012-06-24,47.8,A
USGS,4170500,2012-06-25,43.7,A
USGS,4170500,2012-06-26,35.8,A
USGS,4170500,2012-06-27,33.8,A
USGS,4170500,2012-06-28,33.5,A
USGS,4170500,2012-06-29,34.6,A
USGS,4170500,2012-06-30,33.7,A
USGS,4170500,2012-07-01,33.6,A
USGS,4170500,2012-07-02,32.8,A
USGS,4170500,2012-07-03,40.0,A
USGS,4170500,2012-07-04,42.8,A
USGS,4170500,2012-07-05,48.1,A
USGS,4170500,2012-07-06,51.3,A
USGS,4170500,2012-07-07,51.1,A
USGS,4170500,2012-07-08,45.6,A
USGS,4170500,2012-07-09,40.8,A
USGS,4170500,2012-07-10,39.2,A
USGS,4170500,2012-07-11,36.6,A
USGS,4170500,2012-07-12,32.8,A
USGS,4170500,2012-07-13,29.0,A
USGS,4170500,2012-07-14,27.1,A
USGS,4170500,2012-07-15,22.8,A
USGS,4170500,2012-07-16,21.9,A
USGS,4170500,2012-07-17,21.8,A
USGS,4170500,2012-07-18,28.6,A
USGS,4170500,2012-07-19,35.0,A
USGS,4170500,2012-07-20,37.2,A
USGS,4170500,2012-07-21,33.7,A
USGS,4170500,2012-07-22,31.1,A
USGS,4170500,2012-07-23,26.7,A
USGS,4170500,2012-07-24,27.3,A
USGS,4170500,2012-07-25,22.7,A
USGS,4170500,2012-07-26,33.0,A
USGS,4170500,2012-07-27,56.0,A
USGS,4170500,2012-07-28,79.7,A
USGS,4170500,2012-07-29,71.9,A
USGS,4170500,2012-07-30,64.7,A
USGS,4170500,2012-07-31,57.6,A
USGS,4170500,2012-08-01,51.7,A
USGS,4170500,2012-08-02,44.7,A
USGS,4170500,2012-08-03,43.1,A
USGS,4170500,2012-08-04,38.5,A
USGS,4170500,2012-08-05,34.0,A
USGS,4170500,2012-08-06,33.2,A
USGS,4170500,2012-08-07,31.6,A
USGS,4170500,2012-08-08,31.2,A
USGS,4170500,2012-08-09,43.9,A
USGS,4170500,2012-08-10,110,A
USGS,4170500,2012-08-11,193,A
USGS,4170500,2012-08-12,203,A
USGS,4170500,2012-08-13,191,A
USGS,4170500,2012-08-14,179,A
USGS,4170500,2012-08-15,154,A
USGS,4170500,2012-08-16,124,A
USGS,4170500,2012-08-17,106,A
USGS,4170500,2012-08-18,88.8,A
USGS,4170500,2012-08-19,78.9,A
USGS,4170500,2012-08-20,68.9,A
USGS,4170500,2012-08-21,62.3,A
USGS,4170500,2012-08-22,53.5,A
USGS,4170500,2012-08-23,50.5,A
USGS,4170500,2012-08-24,46.0,A
USGS,4170500,2012-08-25,42.1,A
USGS,4170500,2012-08-26,38.6,A
USGS,4170500,2012-08-27,39.8,A
USGS,4170500,2012-08-28,39.4,A
USGS,4170500,2012-08-29,36.9,A
USGS,4170500,2012-08-30,34.9,A
USGS,4170500,2012-08-31,32.3,A
USGS,4170500,2012-09-01,32.5,A
USGS,4170500,2012-09-02,32.2,A
USGS,4170500,2012-09-03,31.1,A
USGS,4170500,2012-09-04,32.6,A
USGS,4170500,2012-09-05,36.1,A
USGS,4170500,2012-09-06,39.2,A
USGS,4170500,2012-09-07,38.3,A
USGS,4170500,2012-09-08,54.9,A
USGS,4170500,2012-09-09,54.8,A
USGS,4170500,2012-09-10,50.8,A
USGS,4170500,2012-09-11,45.0,A
USGS,4170500,2012-09-12,41.7,A
USGS,4170500,2012-09-13,40.7,A
USGS,4170500,2012-09-14,47.5,A
USGS,4170500,2012-09-15,47.1,A
USGS,4170500,2012-09-16,44.7,A
USGS,4170500,2012-09-17,42.4,A
USGS,4170500,2012-09-18,42.6,A
USGS,4170500,2012-09-19,40.4,A
USGS,4170500,2012-09-20,37.9,A
USGS,4170500,2012-09-21,37.7,A
USGS,4170500,2012-09-22,40.4,A
USGS,4170500,2012-09-23,40.1,A
USGS,4170500,2012-09-24,37.0,A
USGS,4170500,2012-09-25,37.9,A
USGS,4170500,2012-09-26,40.1,A
USGS,4170500,2012-09-27,40.9,A
USGS,4170500,2012-09-28,39.2,A
USGS,4170500,2012-09-29,38.8,A
USGS,4170500,2012-09-30,39.6,A
USGS,4170500,2012-10-01,39.5,A
USGS,4170500,2012-10-02,44.0,A
USGS,4170500,2012-10-03,44.6,A
USGS,4170500,2012-10-04,43.4,A
USGS,4170500,2012-10-05,45.9,A
USGS,4170500,2012-10-06,46.5,A
USGS,4170500,2012-10-07,46.9,A
USGS,4170500,2012-10-08,46.6,A
USGS,4170500,2012-10-09,45.0,A
USGS,4170500,2012-10-10,47.2,A
USGS,4170500,2012-10-11,45.5,A
USGS,4170500,2012-10-12,49.5,A
USGS,4170500,2012-10-13,51.2,A
USGS,4170500,2012-10-14,64.6,A
USGS,4170500,2012-10-15,73.6,A
USGS,4170500,2012-10-16,77.8,A
USGS,4170500,2012-10-17,81.9,A
USGS,4170500,2012-10-18,95.4,A
USGS,4170500,2012-10-19,100,A
USGS,4170500,2012-10-20,100,A
USGS,4170500,2012-10-21,94.2,A
USGS,4170500,2012-10-22,88.5,A
USGS,4170500,2012-10-23,103,A
USGS,4170500,2012-10-24,105,A
USGS,4170500,2012-10-25,101,A
USGS,4170500,2012-10-26,101,A
USGS,4170500,2012-10-27,102,A
USGS,4170500,2012-10-28,101,A
USGS,4170500,2012-10-29,96.8,A
USGS,4170500,2012-10-30,97.9,A
USGS,4170500,2012-10-31,97.7,A
USGS,4170500,2012-11-01,94.5,A
USGS,4170500,2012-11-02,131,A
USGS,4170500,2012-11-03,126,A
USGS,4170500,2012-11-04,108,A
USGS,4170500,2012-11-05,102,A
USGS,4170500,2012-11-06,135,A
USGS,4170500,2012-11-07,148,A
USGS,4170500,2012-11-08,119,A
USGS,4170500,2012-11-09,156,A
USGS,4170500,2012-11-10,164,A
USGS,4170500,2012-11-11,145,A:e
USGS,4170500,2012-11-12,130,A:e
USGS,4170500,2012-11-13,118,A:e
USGS,4170500,2012-11-14,109,A
USGS,4170500,2012-11-15,102,A
USGS,4170500,2012-11-16,96.4,A
USGS,4170500,2012-11-17,90.6,A
USGS,4170500,2012-11-18,144,A
USGS,4170500,2012-11-19,151,A
USGS,4170500,2012-11-20,118,A
USGS,4170500,2012-11-21,141,A
USGS,4170500,2012-11-22,142,A
USGS,4170500,2012-11-23,112,A
USGS,4170500,2012-11-24,141,A
USGS,4170500,2012-11-25,136,A
USGS,4170500,2012-11-26,109,A
USGS,4170500,2012-11-27,146,A
USGS,4170500,2012-11-28,130,A
USGS,4170500,2012-11-29,101,A
USGS,4170500,2012-11-30,89.7,A
USGS,4170500,2012-12-01,126,A
USGS,4170500,2012-12-02,131,A
USGS,4170500,2012-12-03,111,A
USGS,4170500,2012-12-04,103,A
USGS,4170500,2012-12-05,106,A
USGS,4170500,2012-12-06,128,A
USGS,4170500,2012-12-07,143,A
USGS,4170500,2012-12-08,123,A
USGS,4170500,2012-12-09,112,A
USGS,4170500,2012-12-10,103,A
USGS,4170500,2012-12-11,127,A
USGS,4170500,2012-12-12,128,A
USGS,4170500,2012-12-13,108,A
USGS,4170500,2012-12-14,116,A
USGS,4170500,2012-12-15,119,A
USGS,4170500,2012-12-16,102,A
USGS,4170500,2012-12-17,96.1,A
USGS,4170500,2012-12-18,90.9,A
USGS,4170500,2012-12-19,87.8,A
USGS,4170500,2012-12-20,94.4,A
USGS,4170500,2012-12-21,119,A
USGS,4170500,2012-12-22,131,A
USGS,4170500,2012-12-23,133,A
USGS,4170500,2012-12-24,126,A
USGS,4170500,2012-12-25,120,A
USGS,4170500,2012-12-26,117,A
USGS,4170500,2012-12-27,115,A
USGS,4170500,2012-12-28,112,A
USGS,4170500,2012-12-29,111,A
USGS,4170500,2012-12-30,109,A
USGS,4170500,2012-12-31,107,A
USGS,4170500,2013-01-01,108,A
USGS,4170500,2013-01-02,105,A
USGS,4170500,2013-01-03,102,A
USGS,4170500,2013-01-04,98.1,A
USGS,4170500,2013-01-05,95.3,A
USGS,4170500,2013-01-06,93.8,A
USGS,4170500,2013-01-07,90.9,A
USGS,4170500,2013-01-08,89.1,A
USGS,4170500,2013-01-09,85.9,A
USGS,4170500,2013-01-10,84.8,A
USGS,4170500,2013-01-11,112,A
USGS,4170500,2013-01-12,145,A
USGS,4170500,2013-01-13,188,A
USGS,4170500,2013-01-14,214,A
USGS,4170500,2013-01-15,217,A
USGS,4170500,2013-01-16,203,A
USGS,4170500,2013-01-17,185,A
USGS,4170500,2013-01-18,165,A
USGS,4170500,2013-01-19,152,A
USGS,4170500,2013-01-20,140,A
USGS,4170500,2013-01-21,130,A
USGS,4170500,2013-01-22,119,A
USGS,4170500,2013-01-23,110,A
USGS,4170500,2013-01-24,103,A
USGS,4170500,2013-01-25,99.0,A
USGS,4170500,2013-01-26,97.7,A
USGS,4170500,2013-01-27,95.4,A
USGS,4170500,2013-01-28,107,A
USGS,4170500,2013-01-29,129,A
USGS,4170500,2013-01-30,213,A
USGS,4170500,2013-01-31,267,A
USGS,4170500,2013-02-01,274,A
USGS,4170500,2013-02-02,266,A
USGS,4170500,2013-02-03,247,A
USGS,4170500,2013-02-04,227,A
USGS,4170500,2013-02-05,211,A
USGS,4170500,2013-02-06,195,A
USGS,4170500,2013-02-07,181,A
USGS,4170500,2013-02-08,178,A
USGS,4170500,2013-02-09,164,A
USGS,4170500,2013-02-10,155,A
USGS,4170500,2013-02-11,154,A
USGS,4170500,2013-02-12,158,A
USGS,4170500,2013-02-13,154,A
USGS,4170500,2013-02-14,148,A
USGS,4170500,2013-02-15,146,A
USGS,4170500,2013-02-16,141,A
USGS,4170500,2013-02-17,134,A
USGS,4170500,2013-02-18,127,A
USGS,4170500,2013-02-19,129,A
USGS,4170500,2013-02-20,130,A
USGS,4170500,2013-02-21,126,A
USGS,4170500,2013-02-22,125,A
USGS,4170500,2013-02-23,122,A
USGS,4170500,2013-02-24,119,A
USGS,4170500,2013-02-25,115,A
USGS,4170500,2013-02-26,119,A
USGS,4170500,2013-02-27,134,A
USGS,4170500,2013-02-28,141,A
USGS,4170500,2013-03-01,146,A
USGS,4170500,2013-03-02,145,A
USGS,4170500,2013-03-03,143,A
USGS,4170500,2013-03-04,139,A
USGS,4170500,2013-03-05,137,A
USGS,4170500,2013-03-06,133,A:e
USGS,4170500,2013-03-07,129,A:e
USGS,4170500,2013-03-08,126,A
USGS,4170500,2013-03-09,128,A
USGS,4170500,2013-03-10,134,A
USGS,4170500,2013-03-11,156,A
USGS,4170500,2013-03-12,192,A
USGS,4170500,2013-03-13,209,A
USGS,4170500,2013-03-14,206,A
USGS,4170500,2013-03-15,197,A
USGS,4170500,2013-03-16,196,A
USGS,4170500,2013-03-17,187,A
USGS,4170500,2013-03-18,178,A
USGS,4170500,2013-03-19,169,A
USGS,4170500,2013-03-20,165,A
USGS,4170500,2013-03-21,158,A
USGS,4170500,2013-03-22,152,A
USGS,4170500,2013-03-23,146,A
USGS,4170500,2013-03-24,142,A
USGS,4170500,2013-03-25,136,A
USGS,4170500,2013-03-26,127,A
USGS,4170500,2013-03-27,124,A
USGS,4170500,2013-03-28,124,A
USGS,4170500,2013-03-29,125,A
USGS,4170500,2013-03-30,123,A
USGS,4170500,2013-03-31,121,A
USGS,4170500,2013-04-01,120,A
USGS,4170500,2013-04-02,91.8,A
USGS,4170500,2013-04-03,85.8,A
USGS,4170500,2013-04-04,90.4,A
USGS,4170500,2013-04-05,96.7,A
USGS,4170500,2013-04-06,91.7,A
USGS,4170500,2013-04-07,87.6,A
USGS,4170500,2013-04-08,69.0,A
USGS,4170500,2013-04-09,58.7,A
USGS,4170500,2013-04-10,76.2,A
USGS,4170500,2013-04-11,75.8,A
USGS,4170500,2013-04-12,75.5,A
USGS,4170500,2013-04-13,79.4,A
USGS,4170500,2013-04-14,134,A
USGS,4170500,2013-04-15,199,A
USGS,4170500,2013-04-16,227,A
USGS,4170500,2013-04-17,236,A
USGS,4170500,2013-04-18,124,A
USGS,4170500,2013-04-19,181,A
USGS,4170500,2013-04-20,285,A
USGS,4170500,2013-04-21,326,A
USGS,4170500,2013-04-22,333,A
USGS,4170500,2013-04-23,321,A
USGS,4170500,2013-04-24,335,A
USGS,4170500,2013-04-25,331,A
USGS,4170500,2013-04-26,328,A
USGS,4170500,2013-04-27,320,A
USGS,4170500,2013-04-28,308,A
USGS,4170500,2013-04-29,300,A
USGS,4170500,2013-04-30,283,A
USGS,4170500,2013-05-01,280,A
USGS,4170500,2013-05-02,264,A
USGS,4170500,2013-05-03,244,A
USGS,4170500,2013-05-04,227,A
USGS,4170500,2013-05-05,208,A
USGS,4170500,2013-05-06,195,A
USGS,4170500,2013-05-07,185,A
USGS,4170500,2013-05-08,172,A
USGS,4170500,2013-05-09,159,A
USGS,4170500,2013-05-10,152,A
USGS,4170500,2013-05-11,132,A
USGS,4170500,2013-05-12,117,A
USGS,4170500,2013-05-13,111,A
USGS,4170500,2013-05-14,110,A
USGS,4170500,2013-05-15,108,A
USGS,4170500,2013-05-16,107,A
USGS,4170500,2013-05-17,99.2,A
USGS,4170500,2013-05-18,89.3,A
USGS,4170500,2013-05-19,82.2,A
USGS,4170500,2013-05-20,79.1,A
USGS,4170500,2013-05-21,78.6,A
USGS,4170500,2013-05-22,75.0,A
USGS,4170500,2013-05-23,81.2,A
USGS,4170500,2013-05-24,80.5,A
USGS,4170500,2013-05-25,75.9,A
USGS,4170500,2013-05-26,68.7,A
USGS,4170500,2013-05-27,64.4,A
USGS,4170500,2013-05-28,80.8,A
USGS,4170500,2013-05-29,111,A
USGS,4170500,2013-05-30,115,A
USGS,4170500,2013-05-31,98.1,A
USGS,4170500,2013-06-01,131,A
USGS,4170500,2013-06-02,161,A
USGS,4170500,2013-06-03,164,A
USGS,4170500,2013-06-04,161,A
USGS,4170500,2013-06-05,145,A
USGS,4170500,2013-06-06,138,A
USGS,4170500,2013-06-07,119,A
USGS,4170500,2013-06-08,112,A
USGS,4170500,2013-06-09,104,A
USGS,4170500,2013-06-10,132,A
USGS,4170500,2013-06-11,154,A
USGS,4170500,2013-06-12,169,A
USGS,4170500,2013-06-13,226,A
USGS,4170500,2013-06-14,240,A
USGS,4170500,2013-06-15,239,A
USGS,4170500,2013-06-16,250,A
USGS,4170500,2013-06-17,245,A
USGS,4170500,2013-06-18,235,A
USGS,4170500,2013-06-19,212,A
USGS,4170500,2013-06-20,188,A
USGS,4170500,2013-06-21,166,A
USGS,4170500,2013-06-22,142,A
USGS,4170500,2013-06-23,124,A
USGS,4170500,2013-06-24,113,A
USGS,4170500,2013-06-25,117,A
USGS,4170500,2013-06-26,122,A
USGS,4170500,2013-06-27,133,A
USGS,4170500,2013-06-28,181,A
USGS,4170500,2013-06-29,209,A
USGS,4170500,2013-06-30,227,A
USGS,4170500,2013-07-01,227,A
USGS,4170500,2013-07-02,225,A
USGS,4170500,2013-07-03,212,A
USGS,4170500,2013-07-04,194,A
USGS,4170500,2013-07-05,186,A
USGS,4170500,2013-07-06,173,A
USGS,4170500,2013-07-07,154,A
USGS,4170500,2013-07-08,144,A
USGS,4170500,2013-07-09,150,A
USGS,4170500,2013-07-10,154,A
USGS,4170500,2013-07-11,145,A
USGS,4170500,2013-07-12,140,A
USGS,4170500,2013-07-13,140,A
USGS,4170500,2013-07-14,138,A
USGS,4170500,2013-07-15,151,A
USGS,4170500,2013-07-16,184,A
USGS,4170500,2013-07-17,168,A
USGS,4170500,2013-07-18,141,A
USGS,4170500,2013-07-19,121,A
USGS,4170500,2013-07-20,127,A
USGS,4170500,2013-07-21,120,A
USGS,4170500,2013-07-22,113,A
USGS,4170500,2013-07-23,122,A
USGS,4170500,2013-07-24,124,A
USGS,4170500,2013-07-25,114,A
USGS,4170500,2013-07-26,104,A
USGS,4170500,2013-07-27,99.3,A
USGS,4170500,2013-07-28,107,A
USGS,4170500,2013-07-29,119,A
USGS,4170500,2013-07-30,127,A
USGS,4170500,2013-07-31,121,A
USGS,4170500,2013-08-01,126,A
USGS,4170500,2013-08-02,116,A
USGS,4170500,2013-08-03,115,A
USGS,4170500,2013-08-04,104,A
USGS,4170500,2013-08-05,96.4,A
USGS,4170500,2013-08-06,95.0,A
USGS,4170500,2013-08-07,97.1,A
USGS,4170500,2013-08-08,97.9,A
USGS,4170500,2013-08-09,88.0,A
USGS,4170500,2013-08-10,85.7,A
USGS,4170500,2013-08-11,81.0,A
USGS,4170500,2013-08-12,89.2,A
USGS,4170500,2013-08-13,103,A
USGS,4170500,2013-08-14,98.7,A
USGS,4170500,2013-08-15,94.4,A
USGS,4170500,2013-08-16,90.7,A
USGS,4170500,2013-08-17,86.4,A
USGS,4170500,2013-08-18,82.3,A
USGS,4170500,2013-08-19,76.5,A
USGS,4170500,2013-08-20,71.8,A
USGS,4170500,2013-08-21,69.8,A
USGS,4170500,2013-08-22,68.6,A
USGS,4170500,2013-08-23,66.3,A
USGS,4170500,2013-08-24,59.3,A
USGS,4170500,2013-08-25,51.7,A
USGS,4170500,2013-08-26,46.1,A
USGS,4170500,2013-08-27,56.0,A:e
USGS,4170500,2013-08-28,111,A
USGS,4170500,2013-08-29,97.8,A
USGS,4170500,2013-08-30,82.4,A
USGS,4170500,2013-08-31,82.1,A
USGS,4170500,2013-09-01,85.2,A
USGS,4170500,2013-09-02,91.8,A
USGS,4170500,2013-09-03,92.8,A
USGS,4170500,2013-09-04,91.3,A
USGS,4170500,2013-09-05,92.7,A
USGS,4170500,2013-09-06,85.5,A
USGS,4170500,2013-09-07,82.2,A
USGS,4170500,2013-09-08,83.9,A
USGS,4170500,2013-09-09,78.1,A
USGS,4170500,2013-09-10,75.3,A
USGS,4170500,2013-09-11,78.8,A
USGS,4170500,2013-09-12,105,A
USGS,4170500,2013-09-13,113,A
USGS,4170500,2013-09-14,104,A
USGS,4170500,2013-09-15,96.4,A
USGS,4170500,2013-09-16,93.9,A
USGS,4170500,2013-09-17,84.9,A
USGS,4170500,2013-09-18,79.4,A
USGS,4170500,2013-09-19,76.2,A
USGS,4170500,2013-09-20,75.7,A
USGS,4170500,2013-09-21,82.4,A
USGS,4170500,2013-09-22,77.4,A
USGS,4170500,2013-09-23,72.6,A
USGS,4170500,2013-09-24,70.9,A
USGS,4170500,2013-09-25,69.8,A
USGS,4170500,2013-09-26,68.2,A
USGS,4170500,2013-09-27,67.6,A
USGS,4170500,2013-09-28,65.1,A
USGS,4170500,2013-09-29,67.1,A
USGS,4170500,2013-09-30,68.3,A
USGS,4170500,2013-10-01,65.4,A
USGS,4170500,2013-10-02,67.3,A
USGS,4170500,2013-10-03,67.1,A
USGS,4170500,2013-10-04,67.8,A
USGS,4170500,2013-10-05,74.5,A
USGS,4170500,2013-10-06,78.0,A
USGS,4170500,2013-10-07,81.3,A
USGS,4170500,2013-10-08,82.8,A
USGS,4170500,2013-10-09,81.3,A
USGS,4170500,2013-10-10,80.4,A
USGS,4170500,2013-10-11,78.7,A
USGS,4170500,2013-10-12,76.4,A
USGS,4170500,2013-10-13,73.0,A
USGS,4170500,2013-10-14,69.2,A
USGS,4170500,2013-10-15,65.7,A
USGS,4170500,2013-10-16,65.7,A
USGS,4170500,2013-10-17,68.8,A
USGS,4170500,2013-10-18,73.1,A
USGS,4170500,2013-10-19,78.5,A
USGS,4170500,2013-10-20,82.0,A
USGS,4170500,2013-10-21,79.7,A
USGS,4170500,2013-10-22,78.3,A
USGS,4170500,2013-10-23,77.5,A
USGS,4170500,2013-10-24,75.5,A
USGS,4170500,2013-10-25,73.2,A
USGS,4170500,2013-10-26,71.3,A
USGS,4170500,2013-10-27,77.3,A
USGS,4170500,2013-10-28,79.2,A
USGS,4170500,2013-10-29,79.4,A
USGS,4170500,2013-10-30,83.4,A
USGS,4170500,2013-10-31,123,A
USGS,4170500,2013-11-01,164,A
USGS,4170500,2013-11-02,196,A
USGS,4170500,2013-11-03,184,A
USGS,4170500,2013-11-04,171,A
USGS,4170500,2013-11-05,159,A
USGS,4170500,2013-11-06,151,A
USGS,4170500,2013-11-07,152,A
USGS,4170500,2013-11-08,146,A:e
USGS,4170500,2013-11-09,140,A:e
USGS,4170500,2013-11-10,132,A:e
USGS,4170500,2013-11-11,124,A:e
USGS,4170500,2013-11-12,115,A:e
USGS,4170500,2013-11-13,110,A:e
USGS,4170500,2013-11-14,154,A
USGS,4170500,2013-11-15,160,A
USGS,4170500,2013-11-16,130,A
USGS,4170500,2013-11-17,114,A
USGS,4170500,2013-11-18,118,A
USGS,4170500,2013-11-19,162,A
USGS,4170500,2013-11-20,174,A
USGS,4170500,2013-11-21,139,A
USGS,4170500,2013-11-22,179,A
USGS,4170500,2013-11-23,173,A
USGS,4170500,2013-11-24,137,A
USGS,4170500,2013-11-25,116,A
USGS,4170500,2013-11-26,166,A
USGS,4170500,2013-11-27,162,A
USGS,4170500,2013-11-28,127,A
USGS,4170500,2013-11-29,154,A
USGS,4170500,2013-11-30,160,A
USGS,4170500,2013-12-01,121,A
USGS,4170500,2013-12-02,136,A
USGS,4170500,2013-12-03,131,A
USGS,4170500,2013-12-04,103,A
USGS,4170500,2013-12-05,138,A
USGS,4170500,2013-12-06,158,A
USGS,4170500,2013-12-07,132,A
USGS,4170500,2013-12-08,110,A
USGS,4170500,2013-12-09,147,A
USGS,4170500,2013-12-10,139,A
USGS,4170500,2013-12-11,108,A
USGS,4170500,2013-12-12,155,A
USGS,4170500,2013-12-13,150,A
USGS,4170500,2013-12-14,114,A
USGS,4170500,2013-12-15,94.4,A
USGS,4170500,2013-12-16,84.1,A
USGS,4170500,2013-12-17,80.6,A
USGS,4170500,2013-12-18,80.0,A
USGS,4170500,2013-12-19,76.2,A
USGS,4170500,2013-12-20,78.4,A
USGS,4170500,2013-12-21,89.6,A
USGS,4170500,2013-12-22,124,A
USGS,4170500,2013-12-23,147,A
USGS,4170500,2013-12-24,154,A
USGS,4170500,2013-12-25,146,A
USGS,4170500,2013-12-26,140,A
USGS,4170500,2013-12-27,131,A
USGS,4170500,2013-12-28,125,A
USGS,4170500,2013-12-29,120,A
USGS,4170500,2013-12-30,117,A
USGS,4170500,2013-12-31,115,A
USGS,4170500,2014-01-01,113,A
USGS,4170500,2014-01-02,113,A
USGS,4170500,2014-01-03,107,A
USGS,4170500,2014-01-04,105,A
USGS,4170500,2014-01-05,113,A
USGS,4170500,2014-01-06,119,A
USGS,4170500,2014-01-07,112,A
USGS,4170500,2014-01-08,109,A
USGS,4170500,2014-01-09,107,A
USGS,4170500,2014-01-10,108,A
USGS,4170500,2014-01-11,121,A
USGS,4170500,2014-01-12,134,A
USGS,4170500,2014-01-13,143,A
USGS,4170500,2014-01-14,145,A
USGS,4170500,2014-01-15,144,A
USGS,4170500,2014-01-16,142,A
USGS,4170500,2014-01-17,144,A
USGS,4170500,2014-01-18,140,A
USGS,4170500,2014-01-19,136,A
USGS,4170500,2014-01-20,132,A
USGS,4170500,2014-01-21,129,A
USGS,4170500,2014-01-22,123,A
USGS,4170500,2014-01-23,121,A
USGS,4170500,2014-01-24,117,A
USGS,4170500,2014-01-25,117,A
USGS,4170500,2014-01-26,117,A
USGS,4170500,2014-01-27,117,A
USGS,4170500,2014-01-28,111,A
USGS,4170500,2014-01-29,108,A
USGS,4170500,2014-01-30,106,A
USGS,4170500,2014-01-31,104,A
USGS,4170500,2014-02-01,107,A
USGS,4170500,2014-02-02,110,A
USGS,4170500,2014-02-03,107,A
USGS,4170500,2014-02-04,104,A
USGS,4170500,2014-02-05,106,A
USGS,4170500,2014-02-06,104,A
USGS,4170500,2014-02-07,103,A
USGS,4170500,2014-02-08,100,A
USGS,4170500,2014-02-09,98.8,A
USGS,4170500,2014-02-10,98.2,A
USGS,4170500,2014-02-11,96.4,A
USGS,4170500,2014-02-12,94.7,A
USGS,4170500,2014-02-13,94.7,A
USGS,4170500,2014-02-14,94.7,A
USGS,4170500,2014-02-15,93.3,A
USGS,4170500,2014-02-16,93.0,A
USGS,4170500,2014-02-17,92.2,A
USGS,4170500,2014-02-18,95.9,A
USGS,4170500,2014-02-19,95.4,A
USGS,4170500,2014-02-20,102,A
USGS,4170500,2014-02-21,117,A
USGS,4170500,2014-02-22,122,A
USGS,4170500,2014-02-23,124,A
USGS,4170500,2014-02-24,124,A
USGS,4170500,2014-02-25,122,A
USGS,4170500,2014-02-26,119,A
USGS,4170500,2014-02-27,116,A
USGS,4170500,2014-02-28,111,A
USGS,4170500,2014-03-01,109,A
USGS,4170500,2014-03-02,110,A
USGS,4170500,2014-03-03,107,A
USGS,4170500,2014-03-04,102,A
USGS,4170500,2014-03-05,99.7,A
USGS,4170500,2014-03-06,96.2,A
USGS,4170500,2014-03-07,93.1,A
USGS,4170500,2014-03-08,92.8,A
USGS,4170500,2014-03-09,92.5,A
USGS,4170500,2014-03-10,92.8,A
USGS,4170500,2014-03-11,98.9,A
USGS,4170500,2014-03-12,131,A
USGS,4170500,2014-03-13,142,A
USGS,4170500,2014-03-14,141,A
USGS,4170500,2014-03-15,149,A
USGS,4170500,2014-03-16,159,A
USGS,4170500,2014-03-17,162,A
USGS,4170500,2014-03-18,157,A
USGS,4170500,2014-03-19,165,A
USGS,4170500,2014-03-20,189,A
USGS,4170500,2014-03-21,203,A
USGS,4170500,2014-03-22,225,A
USGS,4170500,2014-03-23,237,A
USGS,4170500,2014-03-24,237,A
USGS,4170500,2014-03-25,230,A
USGS,4170500,2014-03-26,218,A
USGS,4170500,2014-03-27,208,A
USGS,4170500,2014-03-28,208,A
USGS,4170500,2014-03-29,220,A
USGS,4170500,2014-03-30,224,A
USGS,4170500,2014-03-31,227,A
USGS,4170500,2014-04-01,238,A
USGS,4170500,2014-04-02,252,A
USGS,4170500,2014-04-03,263,A
USGS,4170500,2014-04-04,266,A
USGS,4170500,2014-04-05,269,A
USGS,4170500,2014-04-06,199,A
USGS,4170500,2014-04-07,188,A
USGS,4170500,2014-04-08,169,A
USGS,4170500,2014-04-09,164,A
USGS,4170500,2014-04-10,203,A
USGS,4170500,2014-04-11,157,A
USGS,4170500,2014-04-12,149,A
USGS,4170500,2014-04-13,170,A
USGS,4170500,2014-04-14,173,A
USGS,4170500,2014-04-15,187,A
USGS,4170500,2014-04-16,126,A
USGS,4170500,2014-04-17,116,A
USGS,4170500,2014-04-18,140,A
USGS,4170500,2014-04-19,148,A
USGS,4170500,2014-04-20,143,A
USGS,4170500,2014-04-21,139,A
USGS,4170500,2014-04-22,142,A
USGS,4170500,2014-04-23,139,A
USGS,4170500,2014-04-24,132,A
USGS,4170500,2014-04-25,128,A
USGS,4170500,2014-04-26,124,A
USGS,4170500,2014-04-27,120,A
USGS,4170500,2014-04-28,114,A
USGS,4170500,2014-04-29,84.1,A
USGS,4170500,2014-04-30,101,A
USGS,4170500,2014-05-01,103,A
USGS,4170500,2014-05-02,117,A
USGS,4170500,2014-05-03,137,A
USGS,4170500,2014-05-04,143,A
USGS,4170500,2014-05-05,71.7,A
USGS,4170500,2014-05-06,70.5,A
USGS,4170500,2014-05-07,89.8,A
USGS,4170500,2014-05-08,103,A
USGS,4170500,2014-05-09,113,A
USGS,4170500,2014-05-10,121,A
USGS,4170500,2014-05-11,118,A
USGS,4170500,2014-05-12,142,A
USGS,4170500,2014-05-13,190,A
USGS,4170500,2014-05-14,225,A
USGS,4170500,2014-05-15,263,A
USGS,4170500,2014-05-16,282,A
USGS,4170500,2014-05-17,284,A
USGS,4170500,2014-05-18,277,A
USGS,4170500,2014-05-19,261,A
USGS,4170500,2014-05-20,249,A
USGS,4170500,2014-05-21,234,A
USGS,4170500,2014-05-22,215,A
USGS,4170500,2014-05-23,187,A
USGS,4170500,2014-05-24,167,A
USGS,4170500,2014-05-25,150,A
USGS,4170500,2014-05-26,140,A
USGS,4170500,2014-05-27,131,A
USGS,4170500,2014-05-28,152,A
USGS,4170500,2014-05-29,182,A
USGS,4170500,2014-05-30,197,A
USGS,4170500,2014-05-31,197,A
USGS,4170500,2014-06-01,180,A
USGS,4170500,2014-06-02,169,A
USGS,4170500,2014-06-03,177,A
USGS,4170500,2014-06-04,176,A
USGS,4170500,2014-06-05,166,A
USGS,4170500,2014-06-06,152,A
USGS,4170500,2014-06-07,148,A
USGS,4170500,2014-06-08,140,A
USGS,4170500,2014-06-09,128,A
USGS,4170500,2014-06-10,112,A
USGS,4170500,2014-06-11,104,A
USGS,4170500,2014-06-12,109,A
USGS,4170500,2014-06-13,112,A
USGS,4170500,2014-06-14,110,A
USGS,4170500,2014-06-15,106,A
USGS,4170500,2014-06-16,102,A
USGS,4170500,2014-06-17,95.8,A
USGS,4170500,2014-06-18,124,A
USGS,4170500,2014-06-19,160,A
USGS,4170500,2014-06-20,169,A
USGS,4170500,2014-06-21,171,A
USGS,4170500,2014-06-22,155,A
USGS,4170500,2014-06-23,141,A
USGS,4170500,2014-06-24,139,A
USGS,4170500,2014-06-25,138,A
USGS,4170500,2014-06-26,134,A
USGS,4170500,2014-06-27,126,A
USGS,4170500,2014-06-28,119,A
USGS,4170500,2014-06-29,111,A
USGS,4170500,2014-06-30,105,A
USGS,4170500,2014-07-01,106,A
USGS,4170500,2014-07-02,106,A
USGS,4170500,2014-07-03,104,A
USGS,4170500,2014-07-04,98.8,A
USGS,4170500,2014-07-05,88.7,A
USGS,4170500,2014-07-06,83.0,A
USGS,4170500,2014-07-07,85.7,A
USGS,4170500,2014-07-08,109,A
USGS,4170500,2014-07-09,139,A
USGS,4170500,2014-07-10,154,A
USGS,4170500,2014-07-11,152,A
USGS,4170500,2014-07-12,137,A
USGS,4170500,2014-07-13,126,A
USGS,4170500,2014-07-14,120,A
USGS,4170500,2014-07-15,111,A
USGS,4170500,2014-07-16,105,A
USGS,4170500,2014-07-17,98.5,A
USGS,4170500,2014-07-18,91.5,A
USGS,4170500,2014-07-19,86.6,A
USGS,4170500,2014-07-20,82.6,A
USGS,4170500,2014-07-21,75.8,A
USGS,4170500,2014-07-22,69.3,A
USGS,4170500,2014-07-23,68.8,A
USGS,4170500,2014-07-24,60.4,A
USGS,4170500,2014-07-25,53.8,A
USGS,4170500,2014-07-26,51.8,A
USGS,4170500,2014-07-27,53.4,A
USGS,4170500,2014-07-28,57.4,A
USGS,4170500,2014-07-29,49.0,A
USGS,4170500,2014-07-30,52.7,A
USGS,4170500,2014-07-31,54.0,A
USGS,4170500,2014-08-01,55.5,A
USGS,4170500,2014-08-02,56.1,A
USGS,4170500,2014-08-03,53.5,A
USGS,4170500,2014-08-04,48.6,A
USGS,4170500,2014-08-05,63.5,A
USGS,4170500,2014-08-06,82.4,A
USGS,4170500,2014-08-07,85.2,A
USGS,4170500,2014-08-08,80.7,A
USGS,4170500,2014-08-09,75.9,A
USGS,4170500,2014-08-10,71.8,A
USGS,4170500,2014-08-11,74.4,A
USGS,4170500,2014-08-12,83.9,A
USGS,4170500,2014-08-13,90.2,A
USGS,4170500,2014-08-14,89.0,A
USGS,4170500,2014-08-15,84.5,A
USGS,4170500,2014-08-16,81.5,A
USGS,4170500,2014-08-17,86.5,A
USGS,4170500,2014-08-18,88.2,A
USGS,4170500,2014-08-19,89.6,A
USGS,4170500,2014-08-20,97.6,A
USGS,4170500,2014-08-21,103,A
USGS,4170500,2014-08-22,126,A
USGS,4170500,2014-08-23,128,A
USGS,4170500,2014-08-24,116,A
USGS,4170500,2014-08-25,104,A
USGS,4170500,2014-08-26,97.4,A
USGS,4170500,2014-08-27,97.3,A
USGS,4170500,2014-08-28,91.4,A
USGS,4170500,2014-08-29,83.3,A
USGS,4170500,2014-08-30,78.4,A
USGS,4170500,2014-08-31,91.3,A
USGS,4170500,2014-09-01,94.7,A
USGS,4170500,2014-09-02,102,A
USGS,4170500,2014-09-03,103,A
USGS,4170500,2014-09-04,99.3,A
USGS,4170500,2014-09-05,90.5,A
USGS,4170500,2014-09-06,101,A
USGS,4170500,2014-09-07,108,A
USGS,4170500,2014-09-08,112,A
USGS,4170500,2014-09-09,113,A
USGS,4170500,2014-09-10,125,A
USGS,4170500,2014-09-11,154,A
USGS,4170500,2014-09-12,167,A
USGS,4170500,2014-09-13,185,A
USGS,4170500,2014-09-14,186,A
USGS,4170500,2014-09-15,179,A
USGS,4170500,2014-09-16,175,A
USGS,4170500,2014-09-17,161,A
USGS,4170500,2014-09-18,153,A
USGS,4170500,2014-09-19,148,A
USGS,4170500,2014-09-20,138,A
USGS,4170500,2014-09-21,147,A
USGS,4170500,2014-09-22,147,A
USGS,4170500,2014-09-23,141,A
USGS,4170500,2014-09-24,135,A
USGS,4170500,2014-09-25,130,A
USGS,4170500,2014-09-26,123,A
USGS,4170500,2014-09-27,114,A
USGS,4170500,2014-09-28,108,A
USGS,4170500,2014-09-29,104,A
USGS,4170500,2014-09-30,107,A