agency_cd,site_no,parameter_cd,ts_id,month_nu,day_nu,begin_yr,end_yr,count_nu,max_va_yr,max_va,min_va_yr,min_va,mean_va,p05_va,p10_va,p20_va,p25_va,p50_va,p75_va,p80_va,p90_va,p95_va
USGS,4174500,60,71299,1,1,2008,2015,8,2009,1330,2013,352,686,,,424,443,600,965,1120,,
USGS,4174500,60,71299,1,2,2008,2015,8,2009,1410,2013,282,663,,,392,422,568,923,1110,,
USGS,4174500,60,71299,1,3,2008,2015,8,2009,1290,2013,297,622,,,345,384,523,857,1020,,
USGS,4174500,60,71299,1,4,2008,2015,8,2009,1240,2013,294,620,,,335,374,561,823,967,,
USGS,4174500,60,71299,1,5,2008,2015,8,2009,1180,2014,206,566,,,273,298,522,803,930,,
USGS,4174500,60,71299,1,6,2008,2015,8,2009,1090,2014,200,553,,,274,301,499,809,906,,
USGS,4174500,60,71299,1,7,2008,2015,8,2009,962,2013,289,615,,,313,354,551,911,934,,
USGS,4174500,60,71299,1,8,2008,2015,8,2008,1570,2013,292,673,,,294,331,513,903,1060,,
USGS,4174500,60,71299,1,9,2008,2015,8,2008,2290,2013,291,741,,,300,338,483,858,1180,,
USGS,4174500,60,71299,1,10,2008,2015,8,2008,2410,2013,294,728,,,296,333,467,727,1070,,
USGS,4174500,60,71299,1,11,2008,2015,8,2008,2250,2011,310,756,,,387,414,586,737,1040,,
USGS,4174500,60,71299,1,12,2008,2015,8,2008,2160,2011,297,735,,,390,415,540,757,1040,,
USGS,4174500,60,71299,1,13,2008,2015,8,2008,2110,2011,300,738,,,371,400,563,779,1050,,
USGS,4174500,60,71299,1,14,2008,2015,8,2008,2020,2011,299,724,,,345,373,539,829,1090,,
USGS,4174500,60,71299,1,15,2008,2015,8,2008,1910,2011,299,716,,,351,382,539,863,1110,,
USGS,4174500,60,71299,1,16,2008,2015,8,2008,1780,2011,288,706,,,341,374,600,837,1060,,
USGS,4174500,60,71299,1,17,2008,2015,8,2008,1580,2011,239,727,,,325,366,626,1020,1160,,
USGS,4174500,60,71299,1,18,2008,2015,8,2008,1440,2011,256,715,,,345,380,625,1130,1300,,
USGS,4174500,60,71299,1,19,2008,2015,8,2012,1150,2011,240,637,,,338,375,596,971,1090,,
USGS,4174500,60,71299,1,20,2008,2015,8,2008,1120,2011,229,620,,,331,370,570,908,997,,
USGS,4174500,60,71299,1,21,2008,2015,8,2008,1200,2011,211,610,,,328,370,538,851,951,,
USGS,4174500,60,71299,1,22,2008,2015,8,2008,1010,2011,239,567,,,327,364,491,833,916,,
USGS,4174500,60,71299,1,23,2008,2015,8,2012,1040,2011,200,555,,,322,367,479,865,999,,
USGS,4174500,60,71299,1,24,2008,2015,8,2012,1180,2011,201,545,,,316,354,443,799,968,,
USGS,4174500,60,71299,1,25,2008,2015,8,2012,1090,2013,197,521,,,229,259,407,843,966,,
USGS,4174500,60,71299,1,26,2008,2015,8,2012,1040,2013,215,520,,,222,245,485,753,851,,
USGS,4174500,60,71299,1,27,2008,2015,8,2012,1100,2013,206,501,,,224,233,454,704,819,,
USGS,4174500,60,71299,1,28,2008,2015,8,2012,1150,2011,228,515,,,235,266,437,681,808,,
USGS,4174500,60,71299,1,29,2008,2015,8,2012,1090,2011,229,516,,,251,295,481,599,704,,
USGS,4174500,60,71299,1,30,2008,2015,8,2012,1030,2011,228,556,,,271,314,480,881,999,,
USGS,4174500,60,71299,1,31,2008,2015,8,2012,1060,2011,207,547,,,279,324,419,897,1020,,
USGS,4174500,60,71299,2,1,2008,2015,8,2012,1200,2011,234,587,,,280,320,473,851,956,,
USGS,4174500,60,71299,2,2,2008,2015,8,2012,1190,2011,207,580,,,269,312,470,820,900,,
USGS,4174500,60,71299,2,3,2008,2015,8,2012,1120,2011,262,574,,,292,318,471,817,894,,
USGS,4174500,60,71299,2,4,2008,2015,8,2012,1010,2014,269,553,,,276,283,490,820,879,,
USGS,4174500,60,71299,2,5,2008,2015,8,2013,906,2011,241,563,,,261,276,516,890,904,,
USGS,4174500,60,71299,2,6,2008,2015,8,2008,1590,2011,239,667,,,310,350,507,885,1040,,
USGS,4174500,60,71299,2,7,2008,2015,8,2008,1650,2011,237,652,,,330,358,460,867,1040,,
USGS,4174500,60,71299,2,8,2008,2015,8,2008,1490,2011,243,635,,,332,355,501,844,996,,
USGS,4174500,60,71299,2,9,2008,2015,8,2008,1370,2011,269,620,,,319,338,549,804,948,,
USGS,4174500,60,71299,2,10,2008,2015,8,2008,1240,2011,253,603,,,309,330,536,808,906,,
USGS,4174500,60,71299,2,11,2008,2015,8,2009,1260,2015,234,648,,,276,301,532,1100,1220,,
USGS,4174500,60,71299,2,12,2008,2015,8,2009,1550,2011,228,665,,,232,262,528,1050,1220,,
USGS,4174500,60,71299,2,13,2008,2015,8,2009,1590,2011,227,665,,,274,301,503,1040,1230,,
USGS,4174500,60,71299,2,14,2008,2015,8,2009,1600,2015,253,642,,,275,294,455,1000,1220,,
USGS,4174500,60,71299,2,15,2008,2015,8,2009,1590,2011,273,636,,,295,310,454,939,1150,,
USGS,4174500,60,71299,2,16,2008,2015,8,2009,1570,2011,282,646,,,324,343,451,922,1100,,
USGS,4174500,60,71299,2,17,2008,2015,8,2009,1520,2011,327,660,,,342,350,438,993,1150,,
USGS,4174500,60,71299,2,18,2008,2015,8,2009,1520,2014,343,736,,,352,356,534,1290,1470,,
USGS,4174500,60,71299,2,19,2008,2015,8,2009,1570,2015,350,740,,,352,355,543,1280,1470,,
USGS,4174500,60,71299,2,20,2008,2015,8,2009,1430,2010,265,671,,,297,327,479,1150,1320,,
USGS,4174500,60,71299,2,21,2008,2015,8,2009,1330,2015,240,631,,,250,286,470,1050,1190,,
USGS,4174500,60,71299,2,22,2008,2015,8,2009,1260,2015,166,622,,,267,336,472,1010,1130,,
USGS,4174500,60,71299,2,23,2008,2015,8,2009,1120,2015,190,608,,,267,331,501,969,1060,,
USGS,4174500,60,71299,2,24,2008,2015,8,2009,1070,2015,149,608,,,346,407,503,950,1010,,
USGS,4174500,60,71299,2,25,2008,2015,8,2009,1040,2015,136,587,,,309,368,497,916,970,,
USGS,4174500,60,71299,2,26,2008,2015,8,2009,1030,2015,223,601,,,376,416,507,884,939,,
USGS,4174500,60,71299,2,27,2008,2015,8,2009,1340,2015,277,639,,,387,425,495,837,952,,
USGS,4174500,60,71299,2,28,2008,2015,8,2009,1380,2015,277,660,,,394,427,585,804,926,,
USGS,4174500,60,71299,2,29,2008,2012,2,2012,952,2008,785,869,,,,,869,,,,
USGS,4174500,60,71299,3,1,2008,2015,8,2009,1250,2015,275,689,,,396,436,585,1060,1180,,
USGS,4174500,60,71299,3,2,2008,2015,8,2012,1270,2015,270,679,,,388,433,571,1020,1150,,
USGS,4174500,60,71299,3,3,2008,2015,8,2012,1360,2015,267,697,,,383,427,562,1020,1130,,
USGS,4174500,60,71299,3,4,2008,2015,8,2012,1370,2015,268,754,,,378,418,584,1240,1310,,
USGS,4174500,60,71299,3,5,2008,2015,8,2012,1260,2015,275,762,,,375,416,777,1100,1150,,
USGS,4174500,60,71299,3,6,2008,2015,8,2012,1190,2015,263,752,,,364,408,769,1110,1150,,
USGS,4174500,60,71299,3,7,2008,2015,8,2009,1180,2015,254,750,,,359,408,730,1140,1160,,
USGS,4174500,60,71299,3,8,2008,2015,8,2009,1710,2015,246,822,,,358,412,717,1160,1280,,
USGS,4174500,60,71299,3,9,2008,2015,8,2009,2110,2015,237,883,,,345,407,740,1180,1370,,
USGS,4174500,60,71299,3,10,2008,2015,8,2009,2330,2015,258,961,,,371,442,800,1340,1590,,
USGS,4174500,60,71299,3,11,2008,2015,8,2009,2800,2015,324,1090,,,458,557,874,1390,1750,,
USGS,4174500,60,71299,3,12,2008,2015,8,2009,2760,2015,511,1180,,,623,702,1010,1410,1740,,
USGS,4174500,60,71299,3,13,2008,2015,8,2009,2600,2014,641,1250,,,750,810,1120,1420,1670,,
USGS,4174500,60,71299,3,14,2008,2015,8,2009,2440,2014,727,1280,,,821,895,1200,1440,1680,,
USGS,4174500,60,71299,3,15,2008,2015,8,2009,2330,2013,851,1340,,,925,977,1230,1510,1680,,
USGS,4174500,60,71299,3,16,2008,2015,8,2009,2220,2013,975,1400,,,1020,1030,1210,1800,1910,,
USGS,4174500,60,71299,3,17,2008,2015,8,2009,2110,2013,885,1320,,,967,1020,1200,1540,1660,,
USGS,4174500,60,71299,3,18,2008,2015,8,2009,1980,2013,839,1290,,,935,1010,1260,1450,1560,,
USGS,4174500,60,71299,3,19,2008,2015,8,2009,1830,2013,804,1300,,,1020,1080,1300,1510,1600,,
USGS,4174500,60,71299,3,20,2008,2015,8,2009,1680,2013,678,1280,,,952,1080,1290,1520,1560,,
USGS,4174500,60,71299,3,21,2008,2015,8,2011,1600,2013,662,1270,,,964,1070,1330,1530,1560,,
USGS,4174500,60,71299,3,22,2008,2015,8,2011,1620,2013,649,1220,,,915,1010,1240,1490,1550,,
USGS,4174500,60,71299,3,23,2008,2015,8,2011,1800,2013,621,1190,,,857,937,1140,1510,1620,,
USGS,4174500,60,71299,3,24,2008,2015,8,2011,1750,2013,582,1120,,,750,802,1130,1420,1530,,
USGS,4174500,60,71299,3,25,2008,2015,8,2011,1620,2013,571,1070,,,713,759,1080,1380,1460,,
USGS,4174500,60,71299,3,26,2008,2015,8,2011,1550,2013,543,1020,,,699,750,986,1320,1380,,
USGS,4174500,60,71299,3,27,2008,2015,8,2011,1440,2013,454,977,,,655,705,944,1320,1340,,
USGS,4174500,60,71299,3,28,2008,2015,8,2008,1410,2013,464,954,,,591,636,885,1350,1370,,
USGS,4174500,60,71299,3,29,2008,2015,8,2008,1450,2013,476,974,,,617,660,936,1390,1440,,
USGS,4174500,60,71299,3,30,2008,2015,8,2008,1400,2013,481,935,,,602,649,899,1300,1370,,
USGS,4174500,60,71299,3,31,2008,2015,8,2008,1390,2013,487,914,,,570,614,885,1250,1320,,
USGS,4174500,60,71299,4,1,2008,2015,8,2008,1600,2013,482,935,,,568,607,863,1290,1410,,
USGS,4174500,60,71299,4,2,2008,2015,8,2008,1660,2013,473,923,,,572,598,805,1310,1450,,
USGS,4174500,60,71299,4,3,2008,2015,8,2008,1560,2010,438,892,,,453,500,740,1370,1480,,
USGS,4174500,60,71299,4,4,2008,2015,8,2008,1550,2013,443,900,,,448,493,731,1430,1530,,
USGS,4174500,60,71299,4,5,2008,2015,8,2014,1580,2013,428,898,,,466,508,723,1430,1540,,
USGS,4174500,60,71299,4,6,2008,2015,8,2014,1530,2013,401,890,,,499,540,707,1400,1470,,
USGS,4174500,60,71299,4,7,2008,2015,8,2014,1480,2013,329,873,,,456,506,736,1360,1410,,
USGS,4174500,60,71299,4,8,2008,2015,8,2014,1510,2013,276,869,,,449,513,754,1300,1350,,
USGS,4174500,60,71299,4,9,2008,2015,8,2014,1450,2013,281,882,,,476,539,814,1320,1360,,
USGS,4174500,60,71299,4,10,2008,2015,8,2014,1330,2013,348,844,,,452,500,774,1260,1290,,
USGS,4174500,60,71299,4,11,2008,2015,8,2014,1200,2012,482,841,,,539,576,765,1170,1190,,
USGS,4174500,60,71299,4,12,2008,2015,8,2009,1150,2012,478,815,,,491,514,905,1040,1090,,
USGS,4174500,60,71299,4,13,2008,2015,8,2013,1290,2010,457,851,,,462,479,962,1080,1130,,
USGS,4174500,60,71299,4,14,2008,2015,8,2013,1380,2010,416,860,,,420,431,974,1150,1210,,
USGS,4174500,60,71299,4,15,2008,2015,8,2009,1290,2010,412,866,,,442,509,974,1080,1130,,
USGS,4174500,60,71299,4,16,2008,2015,8,2009,1290,2010,381,852,,,459,553,937,1010,1070,,
USGS,4174500,60,71299,4,17,2008,2015,8,2009,1330,2010,392,783,,,465,523,770,989,1100,,
USGS,4174500,60,71299,4,18,2008,2015,8,2013,1430,2010,404,832,,,458,505,754,1250,1400,,
USGS,4174500,60,71299,4,19,2008,2015,8,2013,2060,2010,378,908,,,452,527,753,1210,1490,,
USGS,4174500,60,71299,4,20,2008,2015,8,2013,2050,2010,391,959,,,489,529,739,1480,1710,,
USGS,4174500,60,71299,4,21,2008,2015,8,2009,1890,2010,388,965,,,466,493,746,1670,1870,,
USGS,4174500,60,71299,4,22,2008,2015,8,2009,1820,2010,380,913,,,454,479,716,1510,1710,,
USGS,4174500,60,71299,4,23,2008,2015,8,2009,1690,2010,364,924,,,408,437,672,1600,1660,,
USGS,4174500,60,71299,4,24,2008,2015,8,2013,1870,2010,370,945,,,396,425,614,1640,1720,,
USGS,4174500,60,71299,4,25,2008,2015,8,2013,1880,2015,399,917,,,449,472,571,1590,1740,,
USGS,4174500,60,71299,4,26,2008,2015,8,2013,1810,2015,383,910,,,446,476,548,1610,1740,,
USGS,4174500,60,71299,4,27,2008,2015,8,2009,1700,2015,296,886,,,374,421,538,1580,1620,,
USGS,4174500,60,71299,4,28,2008,2015,8,2011,2750,2015,287,1040,,,379,418,506,1730,1940,,
USGS,4174500,60,71299,4,29,2008,2015,8,2011,2720,2015,301,1040,,,387,414,551,1690,1920,,
USGS,4174500,60,71299,4,30,2008,2015,8,2011,2350,2015,335,986,,,365,380,575,1710,1890,,
USGS,4174500,60,71299,5,1,2008,2015,8,2011,2150,2015,322,958,,,364,378,548,1770,1930,,
USGS,4174500,60,71299,5,2,2008,2015,8,2011,2110,2015,317,938,,,387,411,556,1690,1870,,
USGS,4174500,60,71299,5,3,2008,2015,8,2011,2000,2015,309,948,,,405,452,713,1590,1780,,
USGS,4174500,60,71299,5,4,2008,2015,8,2011,1920,2015,298,928,,,368,424,805,1500,1710,,
USGS,4174500,60,71299,5,5,2008,2015,8,2011,1810,2015,341,912,,,385,430,814,1430,1620,,
USGS,4174500,60,71299,5,6,2008,2015,8,2011,1640,2008,402,862,,,460,485,693,1360,1510,,
USGS,4174500,60,71299,5,7,2008,2015,8,2011,1470,2008,420,880,,,533,580,798,1300,1430,,
USGS,4174500,60,71299,5,8,2008,2015,8,2009,1370,2008,428,842,,,530,560,744,1220,1310,,
USGS,4174500,60,71299,5,9,2008,2015,8,2009,1330,2008,426,785,,,492,532,717,993,1060,,
USGS,4174500,60,71299,5,10,2008,2015,8,2009,1170,2008,410,744,,,452,495,702,993,1060,,
USGS,4174500,60,71299,5,11,2008,2015,8,2010,1040,2008,442,731,,,461,495,642,1030,1040,,
USGS,4174500,60,71299,5,12,2008,2015,8,2010,1370,2015,485,830,,,526,546,747,1130,1200,,
USGS,4174500,60,71299,5,13,2008,2015,8,2010,1630,2015,465,929,,,528,552,810,1410,1540,,
USGS,4174500,60,71299,5,14,2008,2015,8,2010,1690,2015,438,968,,,502,527,851,1540,1670,,
USGS,4174500,60,71299,5,15,2008,2015,8,2014,1980,2013,418,996,,,432,450,884,1530,1690,,
USGS,4174500,60,71299,5,16,2008,2015,8,2014,2120,2013,385,1040,,,420,441,947,1560,1710,,
USGS,4174500,60,71299,5,17,2008,2015,8,2014,2150,2013,385,1050,,,415,432,874,1770,1970,,
USGS,4174500,60,71299,5,18,2008,2015,8,2014,1880,2013,386,1010,,,422,434,918,1640,1750,,
USGS,4174500,60,71299,5,19,2008,2015,8,2014,1730,2013,375,994,,,416,427,861,1650,1680,,
USGS,4174500,60,71299,5,20,2008,2015,8,2011,1750,2013,362,953,,,388,398,787,1590,1640,,
USGS,4174500,60,71299,5,21,2008,2015,8,2011,1660,2015,331,908,,,356,369,758,1540,1600,,
USGS,4174500,60,71299,5,22,2008,2015,8,2011,1600,2015,297,912,,,304,321,853,1510,1540,,
USGS,4174500,60,71299,5,23,2008,2015,8,2010,1670,2012,273,876,,,291,307,745,1570,1660,,
USGS,4174500,60,71299,5,24,2008,2015,8,2011,1600,2012,284,796,,,291,296,653,1390,1510,,
USGS,4174500,60,71299,5,25,2008,2015,8,2011,2440,2008,263,879,,,269,275,675,1220,1480,,
USGS,4174500,60,71299,5,26,2008,2015,8,2011,3250,2013,217,917,,,228,242,625,1100,1570,,
USGS,4174500,60,71299,5,27,2008,2015,8,2011,3270,2015,237,907,,,257,264,591,1070,1560,,
USGS,4174500,60,71299,5,28,2008,2015,8,2011,3070,2015,251,883,,,262,276,600,989,1410,,
USGS,4174500,60,71299,5,29,2008,2015,8,2011,2990,2008,251,853,,,253,264,588,964,1400,,
USGS,4174500,60,71299,5,30,2008,2015,8,2011,2870,2012,263,838,,,288,314,592,896,1320,,
USGS,4174500,60,71299,5,31,2008,2015,8,2011,2800,2012,263,919,,,341,375,669,1190,1600,,
USGS,4174500,60,71299,6,1,2008,2015,8,2011,2590,2012,306,906,,,330,359,712,1250,1650,,
USGS,4174500,60,71299,6,2,2008,2015,8,2011,2360,2008,290,874,,,296,327,751,1140,1440,,
USGS,4174500,60,71299,6,3,2008,2015,8,2011,1980,2012,260,798,,,289,320,793,956,1180,,
USGS,4174500,60,71299,6,4,2008,2015,8,2011,1830,2012,183,745,,,309,352,749,886,1100,,
USGS,4174500,60,71299,6,5,2008,2015,8,2011,1680,2012,190,713,,,332,371,726,839,1020,,
USGS,4174500,60,71299,6,6,2008,2015,8,2010,1930,2012,202,793,,,332,366,661,1220,1470,,
USGS,4174500,60,71299,6,7,2008,2015,8,2010,2050,2012,255,792,,,338,396,603,1110,1400,,
USGS,4174500,60,71299,6,8,2008,2015,8,2010,1910,2012,247,752,,,333,403,594,973,1230,,
USGS,4174500,60,71299,6,9,2008,2015,8,2010,1800,2012,210,696,,,312,376,587,834,1070,,
USGS,4174500,60,71299,6,10,2008,2015,8,2010,1660,2012,127,692,,,364,434,576,904,1100,,
USGS,4174500,60,71299,6,11,2008,2015,8,2010,1500,2012,108,667,,,358,434,593,885,1060,,
USGS,4174500,60,71299,6,12,2008,2015,8,2010,1410,2012,140,685,,,442,529,625,841,988,,
USGS,4174500,60,71299,6,13,2008,2015,8,2010,1360,2012,142,733,,,481,585,719,901,1030,,
USGS,4174500,60,71299,6,14,2008,2015,8,2010,1150,2012,133,756,,,437,553,724,1070,1090,,
USGS,4174500,60,71299,6,15,2008,2015,8,2015,1490,2012,130,768,,,414,515,726,1060,1190,,
USGS,4174500,60,71299,6,16,2008,2015,8,2015,1640,2012,127,722,,,391,466,657,934,1120,,
USGS,4174500,60,71299,6,17,2008,2015,8,2015,1420,2012,148,674,,,359,444,635,826,965,,
USGS,4174500,60,71299,6,18,2008,2015,8,2015,1150,2012,208,715,,,502,581,677,919,969,,
USGS,4174500,60,71299,6,19,2008,2015,8,2015,1080,2012,183,713,,,490,568,755,948,1020,,
USGS,4174500,60,71299,6,20,2008,2015,8,2009,2190,2012,158,843,,,461,538,693,977,1230,,
USGS,4174500,60,71299,6,21,2008,2015,8,2009,2160,2012,149,823,,,453,539,653,977,1250,,
USGS,4174500,60,71299,6,22,2008,2015,8,2009,1740,2012,159,750,,,405,481,688,892,1080,,
USGS,4174500,60,71299,6,23,2008,2015,8,2015,1920,2012,153,828,,,348,408,683,1330,1580,,
USGS,4174500,60,71299,6,24,2008,2015,8,2015,1770,2012,151,792,,,298,347,675,1330,1550,,
USGS,4174500,60,71299,6,25,2008,2015,8,2009,1550,2012,139,746,,,324,375,667,1220,1380,,
USGS,4174500,60,71299,6,26,2008,2015,8,2009,1700,2012,135,704,,,338,389,558,1040,1240,,
USGS,4174500,60,71299,6,27,2008,2015,8,2009,1480,2012,121,730,,,325,378,674,1180,1340,,
USGS,4174500,60,71299,6,28,2008,2015,8,2015,1400,2012,106,732,,,320,391,641,1200,1300,,
USGS,4174500,60,71299,6,29,2008,2015,8,2015,1110,2012,109,629,,,303,363,585,965,1010,,
USGS,4174500,60,71299,6,30,2008,2015,8,2009,1070,2012,108,607,,,296,351,528,990,1040,,
USGS,4174500,60,71299,7,1,2008,2015,8,2015,1030,2012,97.0,599,,,279,333,567,935,960,,
USGS,4174500,60,71299,7,2,2008,2015,8,2015,985,2012,74.9,554,,,274,352,540,786,840,,
USGS,4174500,60,71299,7,3,2008,2015,8,2015,822,2012,127,555,,,282,346,636,759,788,,
USGS,4174500,60,71299,7,4,2008,2015,8,2015,879,2012,107,544,,,265,311,618,761,797,,
USGS,4174500,60,71299,7,5,2008,2015,8,2015,725,2012,210,509,,,274,301,589,670,683,,
USGS,4174500,60,71299,7,6,2008,2015,8,2013,637,2012,139,442,,,205,247,508,613,627,,
USGS,4174500,60,71299,7,7,2008,2015,8,2013,601,2012,131,431,,,201,235,530,577,582,,
USGS,4174500,60,71299,7,8,2008,2015,8,2008,678,2012,120,432,,,187,220,516,584,607,,
USGS,4174500,60,71299,7,9,2008,2015,8,2008,712,2012,116,449,,,181,226,510,628,654,,
USGS,4174500,60,71299,7,10,2008,2015,8,2008,661,2012,112,429,,,173,223,490,597,620,,
USGS,4174500,60,71299,7,11,2008,2015,8,2008,579,2012,108,404,,,191,233,486,537,549,,
USGS,4174500,60,71299,7,12,2008,2015,8,2008,546,2012,107,357,,,185,206,395,512,528,,
USGS,4174500,60,71299,7,13,2008,2015,8,2008,545,2012,105,353,,,187,212,379,511,533,,
USGS,4174500,60,71299,7,14,2008,2015,8,2014,555,2012,106,349,,,137,176,363,504,521,,
USGS,4174500,60,71299,7,15,2008,2015,8,2014,518,2012,108,342,,,128,184,368,453,468,,
USGS,4174500,60,71299,7,16,2008,2015,8,2014,494,2012,77.3,296,,,119,167,316,392,424,,
USGS,4174500,60,71299,7,17,2008,2015,8,2014,467,2012,65.9,291,,,112,158,310,428,461,,
USGS,4174500,60,71299,7,18,2008,2015,8,2015,479,2012,66.9,276,,,116,160,282,380,416,,
USGS,4174500,60,71299,7,19,2008,2015,8,2015,441,2012,69.4,253,,,125,143,284,330,357,,
USGS,4174500,60,71299,7,20,2008,2015,8,2010,612,2012,72.0,309,,,118,162,324,399,458,,
USGS,4174500,60,71299,7,21,2008,2015,8,2010,565,2012,76.9,297,,,116,158,322,371,423,,
USGS,4174500,60,71299,7,22,2008,2015,8,2010,440,2012,83.5,281,,,120,161,315,359,378,,
USGS,4174500,60,71299,7,23,2008,2015,8,2010,554,2012,83.6,302,,,135,184,317,353,395,,
USGS,4174500,60,71299,7,24,2008,2015,8,2010,851,2012,85.8,322,,,136,175,282,337,441,,
USGS,4174500,60,71299,7,25,2008,2015,8,2010,813,2012,83.4,292,,,122,147,251,313,417,,
USGS,4174500,60,71299,7,26,2008,2015,8,2010,748,2012,67.2,277,,,113,142,254,297,396,,
USGS,4174500,60,71299,7,27,2008,2015,8,2010,632,2012,56.7,277,,,152,192,246,317,386,,
USGS,4174500,60,71299,7,28,2008,2015,8,2011,1070,2012,107,386,,,185,212,248,549,704,,
USGS,4174500,60,71299,7,29,2008,2015,8,2011,1690,2012,101,465,,,200,230,260,516,788,,
USGS,4174500,60,71299,7,30,2008,2015,8,2011,1770,2012,104,464,,,197,229,265,463,764,,
USGS,4174500,60,71299,7,31,2008,2015,8,2011,1400,2012,129,395,,,174,188,245,430,665,,
USGS,4174500,60,71299,8,1,2008,2015,8,2011,1020,2012,133,343,,,180,198,227,395,545,,
USGS,4174500,60,71299,8,2,2008,2015,8,2011,882,2012,134,322,,,188,203,234,357,475,,
USGS,4174500,60,71299,8,3,2008,2015,8,2011,935,2012,122,333,,,180,195,261,359,485,,
USGS,4174500,60,71299,8,4,2008,2015,8,2011,824,2012,126,313,,,176,190,243,357,461,,
USGS,4174500,60,71299,8,5,2008,2015,8,2011,708,2012,125,310,,,177,191,241,407,482,,
USGS,4174500,60,71299,8,6,2008,2015,8,2011,588,2012,117,285,,,167,179,241,384,439,,
USGS,4174500,60,71299,8,7,2008,2015,8,2011,573,2012,101,271,,,162,181,236,339,398,,
USGS,4174500,60,71299,8,8,2008,2015,8,2011,565,2012,88.9,294,,,167,198,266,379,421,,
USGS,4174500,60,71299,8,9,2008,2015,8,2011,1630,2008,105,431,,,184,211,260,390,648,,
USGS,4174500,60,71299,8,10,2008,2015,8,2011,1600,2008,117,439,,,215,241,296,361,610,,
USGS,4174500,60,71299,8,11,2008,2015,8,2011,1220,2008,128,417,,,212,251,319,440,622,,
USGS,4174500,60,71299,8,12,2008,2015,8,2011,973,2008,123,404,,,198,232,344,527,656,,
USGS,4174500,60,71299,8,13,2008,2015,8,2011,790,2008,121,384,,,216,248,336,537,628,,
USGS,4174500,60,71299,8,14,2008,2015,8,2011,742,2008,125,383,,,245,286,339,512,599,,
USGS,4174500,60,71299,8,15,2008,2015,8,2011,718,2008,122,370,,,244,281,327,465,532,,
USGS,4174500,60,71299,8,16,2008,2015,8,2011,678,2008,120,343,,,202,233,321,418,478,,
USGS,4174500,60,71299,8,17,2008,2015,8,2011,631,2008,111,326,,,221,252,309,370,424,,
USGS,4174500,60,71299,8,18,2008,2015,8,2011,591,2008,101,313,,,213,244,303,358,407,,
USGS,4174500,60,71299,8,19,2008,2015,8,2011,505,2008,101,301,,,219,254,303,348,387,,
USGS,4174500,60,71299,8,20,2008,2015,8,2011,484,2008,106,285,,,192,224,270,347,381,,
USGS,4174500,60,71299,8,21,2008,2015,8,2011,504,2008,100,274,,,164,194,268,332,376,,
USGS,4174500,60,71299,8,22,2008,2015,8,2011,509,2008,94.7,270,,,164,192,265,321,367,,
USGS,4174500,60,71299,8,23,2008,2015,8,2011,474,2008,107,263,,,176,197,263,310,352,,
USGS,4174500,60,71299,8,24,2008,2015,8,2011,522,2008,114,255,,,172,189,237,276,328,,
USGS,4174500,60,71299,8,25,2008,2015,8,2011,514,2008,114,232,,,132,139,205,271,321,,
USGS,4174500,60,71299,8,26,2008,2015,8,2011,474,2008,106,238,,,118,136,204,330,377,,
USGS,4174500,60,71299,8,27,2008,2015,8,2011,414,2008,105,247,,,158,172,209,363,388,,
USGS,4174500,60,71299,8,28,2008,2015,8,2009,349,2008,96.3,246,,,136,152,256,347,348,,
USGS,4174500,60,71299,8,29,2008,2015,8,2009,421,2008,112,249,,,130,144,246,342,366,,
USGS,4174500,60,71299,8,30,2008,2015,8,2009,404,2008,101,244,,,124,137,239,344,358,,
USGS,4174500,60,71299,8,31,2008,2015,8,2009,377,2008,90.7,233,,,107,121,228,344,354,,
USGS,4174500,60,71299,9,1,2008,2015,8,2013,459,2008,88.3,245,,,98,114,234,359,389,,
USGS,4174500,60,71299,9,2,2008,2015,8,2013,622,2008,93.1,262,,,105,122,225,346,413,,
USGS,4174500,60,71299,9,3,2008,2015,8,2013,486,2008,100,252,,,103,122,247,333,368,,
USGS,4174500,60,71299,9,4,2008,2015,8,2013,474,2008,93.1,239,,,102,119,241,310,353,,
USGS,4174500,60,71299,9,5,2008,2015,8,2013,331,2008,95.0,222,,,110,124,252,302,317,,
USGS,4174500,60,71299,9,6,2008,2015,8,2013,355,2008,95.5,217,,,108,122,219,300,319,,
USGS,4174500,60,71299,9,7,2008,2015,8,2013,366,2008,106,225,,,108,118,230,306,319,,
USGS,4174500,60,71299,9,8,2008,2015,8,2011,508,2010,134,266,,,149,153,219,373,402,,
USGS,4174500,60,71299,9,9,2008,2015,8,2011,530,2010,130,270,,,134,141,216,393,427,,
USGS,4174500,60,71299,9,10,2008,2015,8,2011,554,2012,125,283,,,126,134,261,392,425,,
USGS,4174500,60,71299,9,11,2008,2015,8,2011,540,2012,116,271,,,126,133,247,374,411,,
USGS,4174500,60,71299,9,12,2008,2015,8,2011,501,2012,116,268,,,126,135,269,365,400,,
USGS,4174500,60,71299,9,13,2008,2015,8,2008,536,2012,113,299,,,120,127,324,446,486,,
USGS,4174500,60,71299,9,14,2008,2015,8,2008,1330,2010,116,402,,,134,144,288,496,701,,
USGS,4174500,60,71299,9,15,2008,2015,8,2008,1390,2010,103,413,,,129,137,282,516,714,,
USGS,4174500,60,71299,9,16,2008,2015,8,2008,1320,2012,131,411,,,133,140,264,552,741,,
USGS,4174500,60,71299,9,17,2008,2015,8,2008,1350,2010,122,407,,,128,130,276,525,723,,
USGS,4174500,60,71299,9,18,2008,2015,8,2008,1320,2012,125,404,,,134,145,274,503,697,,
USGS,4174500,60,71299,9,19,2008,2015,8,2008,1280,2012,118,402,,,136,152,274,517,706,,
USGS,4174500,60,71299,9,20,2008,2015,8,2008,1190,2012,120,400,,,130,144,288,530,684,,
USGS,4174500,60,71299,9,21,2008,2015,8,2008,1170,2012,115,389,,,131,142,294,480,626,,
USGS,4174500,60,71299,9,22,2008,2015,8,2008,1260,2012,121,400,,,149,158,291,474,642,,
USGS,4174500,60,71299,9,23,2008,2015,8,2008,982,2012,118,357,,,141,150,275,454,560,,
USGS,4174500,60,71299,9,24,2008,2015,8,2008,892,2012,112,338,,,138,147,269,440,535,,
USGS,4174500,60,71299,9,25,2008,2015,8,2008,844,2012,109,323,,,117,141,233,430,522,,
USGS,4174500,60,71299,9,26,2008,2015,8,2008,825,2012,112,335,,,113,136,241,517,615,,
USGS,4174500,60,71299,9,27,2008,2015,8,2008,702,2010,107,306,,,109,111,234,524,601,,
USGS,4174500,60,71299,9,28,2008,2015,8,2008,581,2012,106,295,,,116,128,243,504,558,,
USGS,4174500,60,71299,9,29,2008,2015,8,2008,639,2012,107,295,,,125,133,217,508,578,,
USGS,4174500,60,71299,9,30,2008,2015,8,2011,681,2012,107,322,,,123,131,233,589,657,,
USGS,4174500,60,71299,10,1,2009,2016,8,2012,660,2013,105,312,,,120,136,241,546,625,,
USGS,4174500,60,71299,10,2,2009,2016,8,2012,626,2013,111,294,,,120,140,245,458,535,,
USGS,4174500,60,71299,10,3,2009,2016,8,2012,588,2013,111,285,,,119,127,297,384,442,,
USGS,4174500,60,71299,10,4,2009,2016,8,2012,566,2013,109,284,,,127,136,293,384,436,,
USGS,4174500,60,71299,10,5,2009,2016,8,2012,549,2013,113,305,,,127,135,315,455,487,,
USGS,4174500,60,71299,10,6,2009,2016,8,2012,537,2013,117,289,,,121,128,319,392,432,,
USGS,4174500,60,71299,10,7,2009,2016,8,2012,524,2013,118,285,,,132,137,320,382,426,,
USGS,4174500,60,71299,10,8,2009,2016,8,2012,440,2013,114,275,,,124,135,308,391,418,,
USGS,4174500,60,71299,10,9,2009,2016,8,2012,438,2013,115,282,,,125,138,306,397,406,,
USGS,4174500,60,71299,10,10,2009,2016,8,2010,541,2013,121,298,,,126,141,299,421,455,,
USGS,4174500,60,71299,10,11,2009,2016,8,2010,487,2013,119,284,,,125,136,292,408,435,,
USGS,4174500,60,71299,10,12,2009,2016,8,2010,442,2013,121,273,,,122,133,286,395,416,,
USGS,4174500,60,71299,10,13,2009,2016,8,2012,418,2016,121,269,,,161,172,268,384,405,,
USGS,4174500,60,71299,10,14,2009,2016,8,2012,425,2011,110,265,,,121,139,268,385,402,,
USGS,4174500,60,71299,10,15,2009,2016,8,2012,407,2011,119,267,,,125,139,281,384,397,,
USGS,4174500,60,71299,10,16,2009,2016,8,2015,474,2016,118,276,,,128,141,287,368,391,,
USGS,4174500,60,71299,10,17,2009,2016,8,2015,447,2011,113,275,,,116,139,277,388,405,,
USGS,4174500,60,71299,10,18,2009,2016,8,2009,487,2011,117,287,,,118,151,298,366,391,,
USGS,4174500,60,71299,10,19,2009,2016,8,2012,420,2016,119,293,,,126,168,324,377,391,,
USGS,4174500,60,71299,10,20,2009,2016,8,2012,687,2016,113,322,,,136,175,325,357,425,,
USGS,4174500,60,71299,10,21,2009,2016,8,2012,802,2016,112,334,,,138,174,316,363,452,,
USGS,4174500,60,71299,10,22,2009,2016,8,2012,851,2016,123,339,,,145,176,312,354,454,,
USGS,4174500,60,71299,10,23,2009,2016,8,2012,768,2016,128,341,,,144,173,312,429,517,,
USGS,4174500,60,71299,10,24,2009,2016,8,2012,752,2011,161,339,,,169,172,293,475,564,,
USGS,4174500,60,71299,10,25,2009,2016,8,2012,738,2011,163,351,,,236,254,286,464,559,,
USGS,4174500,60,71299,10,26,2009,2016,8,2012,733,2011,184,366,,,235,253,315,460,534,,
USGS,4174500,60,71299,10,27,2009,2016,8,2012,721,2011,169,349,,,191,207,314,445,522,,
USGS,4174500,60,71299,10,28,2009,2016,8,2012,700,2011,159,358,,,202,233,324,462,539,,
USGS,4174500,60,71299,10,29,2009,2016,8,2012,678,2014,143,340,,,159,191,319,449,523,,
USGS,4174500,60,71299,10,30,2009,2016,8,2012,657,2011,162,340,,,174,194,309,477,550,,
USGS,4174500,60,71299,10,31,2009,2016,8,2012,592,2011,160,360,,,230,258,331,514,567,,
USGS,4174500,60,71299,11,1,2009,2016,8,2010,576,2011,166,388,,,233,255,365,563,573,,
USGS,4174500,60,71299,11,2,2009,2016,8,2012,557,2011,171,368,,,209,227,351,536,550,,
USGS,4174500,60,71299,11,3,2009,2016,8,2010,530,2011,164,359,,,211,231,357,509,525,,
USGS,4174500,60,71299,11,4,2009,2016,8,2010,520,2011,182,350,,,223,241,332,481,498,,
USGS,4174500,60,71299,11,5,2009,2016,8,2010,525,2013,242,366,,,267,274,331,494,515,,
USGS,4174500,60,71299,11,6,2009,2016,8,2010,591,2013,241,389,,,295,309,344,500,530,,
USGS,4174500,60,71299,11,7,2009,2016,8,2010,607,2013,242,399,,,284,309,372,492,526,,
USGS,4174500,60,71299,11,8,2009,2016,8,2010,652,2013,246,414,,,280,308,405,492,538,,
USGS,4174500,60,71299,11,9,2009,2016,8,2012,587,2011,167,390,,,231,280,416,465,498,,
USGS,4174500,60,71299,11,10,2009,2016,8,2012,653,2011,165,397,,,239,284,399,486,533,,
USGS,4174500,60,71299,11,11,2009,2016,8,2012,641,2011,208,391,,,247,264,400,488,535,,
USGS,4174500,60,71299,11,12,2009,2016,8,2012,624,2011,267,399,,,293,304,390,474,520,,
USGS,4174500,60,71299,11,13,2009,2016,8,2012,620,2013,289,415,,,313,321,397,487,515,,
USGS,4174500,60,71299,11,14,2009,2016,8,2012,701,2013,290,448,,,305,316,437,552,594,,
USGS,4174500,60,71299,11,15,2009,2016,8,2012,853,2013,288,495,,,310,319,462,689,772,,
USGS,4174500,60,71299,11,16,2009,2016,8,2012,784,2013,301,472,,,319,327,421,660,738,,
USGS,4174500,60,71299,11,17,2009,2016,8,2012,703,2016,319,463,,,333,341,416,638,697,,
USGS,4174500,60,71299,11,18,2009,2016,8,2009,732,2013,310,454,,,318,324,396,615,673,,
USGS,4174500,60,71299,11,19,2009,2016,8,2009,691,2013,290,459,,,315,328,439,620,672,,
USGS,4174500,60,71299,11,20,2009,2016,8,2009,691,2013,288,478,,,311,340,444,653,691,,
USGS,4174500,60,71299,11,21,2009,2016,8,2009,700,2011,317,502,,,335,367,479,641,667,,
USGS,4174500,60,71299,11,22,2009,2016,8,2012,735,2013,374,508,,,394,407,456,633,675,,
USGS,4174500,60,71299,11,23,2009,2016,8,2012,1010,2015,356,539,,,358,378,490,604,700,,
USGS,4174500,60,71299,11,24,2009,2016,8,2012,1140,2013,334,561,,,398,415,518,593,718,,
USGS,4174500,60,71299,11,25,2009,2016,8,2012,1010,2013,344,535,,,393,415,481,586,692,,
USGS,4174500,60,71299,11,26,2009,2016,8,2012,884,2013,418,536,,,418,421,482,589,650,,
USGS,4174500,60,71299,11,27,2009,2016,8,2012,908,2011,400,546,,,422,427,477,650,721,,
USGS,4174500,60,71299,11,28,2009,2016,8,2012,1030,2011,387,547,,,410,418,458,619,715,,
USGS,4174500,60,71299,11,29,2009,2016,8,2012,1900,2013,386,646,,,391,400,442,607,877,,
USGS,4174500,60,71299,11,30,2009,2016,8,2012,2370,2014,317,695,,,340,365,465,598,961,,
USGS,4174500,60,71299,12,1,2009,2016,8,2012,2250,2014,321,683,,,333,352,482,599,930,,
USGS,4174500,60,71299,12,2,2009,2016,8,2012,2000,2013,268,630,,,308,344,470,557,856,,
USGS,4174500,60,71299,12,3,2009,2016,8,2012,1820,2013,251,605,,,312,358,476,535,804,,
USGS,4174500,60,71299,12,4,2009,2016,8,2012,1800,2013,252,597,,,310,354,462,522,782,,
USGS,4174500,60,71299,12,5,2009,2016,8,2012,1900,2013,229,611,,,307,352,452,563,842,,
USGS,4174500,60,71299,12,6,2009,2016,8,2012,1880,2013,244,601,,,312,350,433,557,837,,
USGS,4174500,60,71299,12,7,2009,2016,8,2012,1790,2013,321,591,,,323,342,428,537,802,,
USGS,4174500,60,71299,12,8,2009,2016,8,2012,1720,2014,313,579,,,347,358,425,532,786,,
USGS,4174500,60,71299,12,9,2009,2016,8,2012,1600,2011,314,584,,,322,328,432,617,816,,
USGS,4174500,60,71299,12,10,2009,2016,8,2012,1490,2011,292,567,,,304,314,415,645,818,,
USGS,4174500,60,71299,12,11,2009,2016,8,2012,1380,2011,284,523,,,306,316,356,605,776,,
USGS,4174500,60,71299,12,12,2009,2016,8,2012,1290,2014,280,501,,,282,295,336,586,735,,
USGS,4174500,60,71299,12,13,2009,2016,8,2012,1220,2011,260,470,,,271,277,329,551,702,,
USGS,4174500,60,71299,12,14,2009,2016,8,2012,1280,2011,258,475,,,273,280,326,543,706,,
USGS,4174500,60,71299,12,15,2009,2016,8,2012,1540,2013,260,522,,,275,281,327,608,820,,
USGS,4174500,60,71299,12,16,2009,2016,8,2012,1570,2013,271,544,,,274,280,349,649,855,,
USGS,4174500,60,71299,12,17,2009,2016,8,2012,1450,2013,265,536,,,279,285,409,613,800,,
USGS,4174500,60,71299,12,18,2009,2016,8,2012,1350,2011,276,524,,,281,283,408,602,760,,
USGS,4174500,60,71299,12,19,2009,2016,8,2012,1290,2011,284,514,,,285,290,407,570,718,,
USGS,4174500,60,71299,12,20,2009,2016,8,2012,1230,2016,281,520,,,285,297,442,595,737,,
USGS,4174500,60,71299,12,21,2009,2016,8,2012,1220,2011,276,530,,,317,341,451,596,742,,
USGS,4174500,60,71299,12,22,2009,2016,8,2012,1220,2011,279,550,,,322,353,470,643,788,,
USGS,4174500,60,71299,12,23,2009,2016,8,2012,1180,2011,277,539,,,355,378,438,637,767,,
USGS,4174500,60,71299,12,24,2009,2016,8,2012,1130,2011,274,544,,,362,396,472,627,756,,
USGS,4174500,60,71299,12,25,2009,2016,8,2012,1070,2011,261,552,,,356,384,518,644,737,,
USGS,4174500,60,71299,12,26,2009,2016,8,2012,1030,2011,203,564,,,348,392,537,710,779,,
USGS,4174500,60,71299,12,27,2009,2016,8,2009,1170,2011,193,605,,,339,390,520,886,1000,,
USGS,4174500,60,71299,12,28,2009,2016,8,2009,1620,2011,187,675,,,329,397,576,878,1100,,
USGS,4174500,60,71299,12,29,2009,2016,8,2009,1620,2011,233,689,,,349,421,574,865,1080,,
USGS,4174500,60,71299,12,30,2009,2016,8,2009,1480,2011,309,683,,,354,407,577,886,1060,,
USGS,4174500,60,71299,12,31,2009,2016,8,2009,1410,2011,321,681,,,351,393,581,956,1130,,