agency_cd,site_no,Datetime,Mean_CFS,71294_00060_00003_cd
USGS,4172000,2008-01-01,263,A
USGS,4172000,2008-01-02,265,A
USGS,4172000,2008-01-03,277,A
USGS,4172000,2008-01-04,306,A
USGS,4172000,2008-01-05,293,A
USGS,4172000,2008-01-06,249,A
USGS,4172000,2008-01-07,256,A
USGS,4172000,2008-01-08,334,A
USGS,4172000,2008-01-09,464,A:e
USGS,4172000,2008-01-10,618,A
USGS,4172000,2008-01-11,765,A
USGS,4172000,2008-01-12,822,A
USGS,4172000,2008-01-13,811,A
USGS,4172000,2008-01-14,767,A
USGS,4172000,2008-01-15,706,A
USGS,4172000,2008-01-16,640,A
USGS,4172000,2008-01-17,590,A
USGS,4172000,2008-01-18,540,A
USGS,4172000,2008-01-19,495,A
USGS,4172000,2008-01-20,436,A
USGS,4172000,2008-01-21,413,A
USGS,4172000,2008-01-22,403,A
USGS,4172000,2008-01-23,384,A:e
USGS,4172000,2008-01-24,369,A
USGS,4172000,2008-01-25,353,A:e
USGS,4172000,2008-01-26,334,A:e
USGS,4172000,2008-01-27,303,A
USGS,4172000,2008-01-28,282,A:e
USGS,4172000,2008-01-29,273,A
USGS,4172000,2008-01-30,284,A
USGS,4172000,2008-01-31,303,A
USGS,4172000,2008-02-01,391,A
USGS,4172000,2008-02-02,417,A
USGS,4172000,2008-02-03,330,A
USGS,4172000,2008-02-04,286,A
USGS,4172000,2008-02-05,283,A
USGS,4172000,2008-02-06,330,A
USGS,4172000,2008-02-07,399,A
USGS,4172000,2008-02-08,489,A
USGS,4172000,2008-02-09,552,A
USGS,4172000,2008-02-10,576,A
USGS,4172000,2008-02-11,545,A
USGS,4172000,2008-02-12,530,A:e
USGS,4172000,2008-02-13,508,A:e
USGS,4172000,2008-02-14,482,A:e
USGS,4172000,2008-02-15,450,A
USGS,4172000,2008-02-16,422,A
USGS,4172000,2008-02-17,405,A
USGS,4172000,2008-02-18,422,A
USGS,4172000,2008-02-19,447,A
USGS,4172000,2008-02-20,509,A
USGS,4172000,2008-02-21,534,A:e
USGS,4172000,2008-02-22,520,A
USGS,4172000,2008-02-23,468,A
USGS,4172000,2008-02-24,427,A:e
USGS,4172000,2008-02-25,392,A:e
USGS,4172000,2008-02-26,372,A
USGS,4172000,2008-02-27,355,A
USGS,4172000,2008-02-28,341,A
USGS,4172000,2008-02-29,327,A
USGS,4172000,2008-03-01,316,A
USGS,4172000,2008-03-02,302,A
USGS,4172000,2008-03-03,301,A
USGS,4172000,2008-03-04,327,A
USGS,4172000,2008-03-05,366,A
USGS,4172000,2008-03-06,404,A
USGS,4172000,2008-03-07,419,A
USGS,4172000,2008-03-08,410,A
USGS,4172000,2008-03-09,392,A
USGS,4172000,2008-03-10,369,A
USGS,4172000,2008-03-11,347,A
USGS,4172000,2008-03-12,331,A
USGS,4172000,2008-03-13,324,A
USGS,4172000,2008-03-14,332,A
USGS,4172000,2008-03-15,354,A
USGS,4172000,2008-03-16,385,A
USGS,4172000,2008-03-17,414,A
USGS,4172000,2008-03-18,434,A
USGS,4172000,2008-03-19,454,A
USGS,4172000,2008-03-20,466,A
USGS,4172000,2008-03-21,485,A
USGS,4172000,2008-03-22,503,A
USGS,4172000,2008-03-23,501,A
USGS,4172000,2008-03-24,491,A
USGS,4172000,2008-03-25,476,A
USGS,4172000,2008-03-26,461,A
USGS,4172000,2008-03-27,452,A
USGS,4172000,2008-03-28,454,A
USGS,4172000,2008-03-29,455,A
USGS,4172000,2008-03-30,458,A
USGS,4172000,2008-03-31,472,A
USGS,4172000,2008-04-01,514,A
USGS,4172000,2008-04-02,551,A
USGS,4172000,2008-04-03,586,A
USGS,4172000,2008-04-04,587,A
USGS,4172000,2008-04-05,556,A
USGS,4172000,2008-04-06,537,A
USGS,4172000,2008-04-07,526,A
USGS,4172000,2008-04-08,500,A
USGS,4172000,2008-04-09,459,A
USGS,4172000,2008-04-10,423,A
USGS,4172000,2008-04-11,400,A
USGS,4172000,2008-04-12,389,A
USGS,4172000,2008-04-13,383,A
USGS,4172000,2008-04-14,388,A
USGS,4172000,2008-04-15,372,A
USGS,4172000,2008-04-16,330,A
USGS,4172000,2008-04-17,319,A
USGS,4172000,2008-04-18,317,A
USGS,4172000,2008-04-19,314,A
USGS,4172000,2008-04-20,307,A
USGS,4172000,2008-04-21,295,A
USGS,4172000,2008-04-22,268,A
USGS,4172000,2008-04-23,247,A
USGS,4172000,2008-04-24,218,A
USGS,4172000,2008-04-25,199,A
USGS,4172000,2008-04-26,197,A
USGS,4172000,2008-04-27,193,A
USGS,4172000,2008-04-28,192,A
USGS,4172000,2008-04-29,177,A
USGS,4172000,2008-04-30,167,A
USGS,4172000,2008-05-01,166,A
USGS,4172000,2008-05-02,172,A:e
USGS,4172000,2008-05-03,182,A
USGS,4172000,2008-05-04,187,A
USGS,4172000,2008-05-05,190,A
USGS,4172000,2008-05-06,189,A
USGS,4172000,2008-05-07,187,A
USGS,4172000,2008-05-08,190,A
USGS,4172000,2008-05-09,184,A
USGS,4172000,2008-05-10,176,A
USGS,4172000,2008-05-11,174,A
USGS,4172000,2008-05-12,194,A
USGS,4172000,2008-05-13,195,A
USGS,4172000,2008-05-14,196,A
USGS,4172000,2008-05-15,208,A
USGS,4172000,2008-05-16,217,A
USGS,4172000,2008-05-17,216,A
USGS,4172000,2008-05-18,213,A
USGS,4172000,2008-05-19,207,A
USGS,4172000,2008-05-20,199,A
USGS,4172000,2008-05-21,192,A
USGS,4172000,2008-05-22,185,A
USGS,4172000,2008-05-23,180,A
USGS,4172000,2008-05-24,176,A
USGS,4172000,2008-05-25,171,A
USGS,4172000,2008-05-26,166,A
USGS,4172000,2008-05-27,162,A
USGS,4172000,2008-05-28,158,A
USGS,4172000,2008-05-29,152,A
USGS,4172000,2008-05-30,145,A
USGS,4172000,2008-05-31,156,A
USGS,4172000,2008-06-01,166,A
USGS,4172000,2008-06-02,168,A
USGS,4172000,2008-06-03,168,A
USGS,4172000,2008-06-04,194,A
USGS,4172000,2008-06-05,214,A
USGS,4172000,2008-06-06,224,A
USGS,4172000,2008-06-07,227,A
USGS,4172000,2008-06-08,248,A
USGS,4172000,2008-06-09,269,A
USGS,4172000,2008-06-10,299,A
USGS,4172000,2008-06-11,327,A
USGS,4172000,2008-06-12,348,A
USGS,4172000,2008-06-13,368,A
USGS,4172000,2008-06-14,382,A
USGS,4172000,2008-06-15,382,A
USGS,4172000,2008-06-16,378,A
USGS,4172000,2008-06-17,366,A
USGS,4172000,2008-06-18,347,A
USGS,4172000,2008-06-19,325,A
USGS,4172000,2008-06-20,302,A
USGS,4172000,2008-06-21,277,A
USGS,4172000,2008-06-22,252,A
USGS,4172000,2008-06-23,229,A
USGS,4172000,2008-06-24,210,A
USGS,4172000,2008-06-25,195,A
USGS,4172000,2008-06-26,193,A
USGS,4172000,2008-06-27,190,A
USGS,4172000,2008-06-28,189,A
USGS,4172000,2008-06-29,189,A
USGS,4172000,2008-06-30,187,A
USGS,4172000,2008-07-01,183,A
USGS,4172000,2008-07-02,183,A
USGS,4172000,2008-07-03,237,A
USGS,4172000,2008-07-04,269,A
USGS,4172000,2008-07-05,292,A
USGS,4172000,2008-07-06,306,A
USGS,4172000,2008-07-07,311,A
USGS,4172000,2008-07-08,316,A
USGS,4172000,2008-07-09,310,A
USGS,4172000,2008-07-10,297,A
USGS,4172000,2008-07-11,281,A
USGS,4172000,2008-07-12,267,A
USGS,4172000,2008-07-13,254,A
USGS,4172000,2008-07-14,235,A
USGS,4172000,2008-07-15,215,A
USGS,4172000,2008-07-16,198,A
USGS,4172000,2008-07-17,191,A
USGS,4172000,2008-07-18,184,A
USGS,4172000,2008-07-19,181,A
USGS,4172000,2008-07-20,179,A
USGS,4172000,2008-07-21,178,A
USGS,4172000,2008-07-22,196,A
USGS,4172000,2008-07-23,210,A
USGS,4172000,2008-07-24,212,A
USGS,4172000,2008-07-25,208,A
USGS,4172000,2008-07-26,197,A
USGS,4172000,2008-07-27,183,A
USGS,4172000,2008-07-28,169,A
USGS,4172000,2008-07-29,158,A
USGS,4172000,2008-07-30,149,A
USGS,4172000,2008-07-31,141,A
USGS,4172000,2008-08-01,134,A
USGS,4172000,2008-08-02,128,A
USGS,4172000,2008-08-03,122,A
USGS,4172000,2008-08-04,114,A
USGS,4172000,2008-08-05,108,A
USGS,4172000,2008-08-06,103,A
USGS,4172000,2008-08-07,100,A
USGS,4172000,2008-08-08,98.9,A
USGS,4172000,2008-08-09,98.8,A
USGS,4172000,2008-08-10,99.3,A
USGS,4172000,2008-08-11,96.6,A
USGS,4172000,2008-08-12,94.6,A
USGS,4172000,2008-08-13,94.1,A
USGS,4172000,2008-08-14,94.8,A
USGS,4172000,2008-08-15,95.4,A
USGS,4172000,2008-08-16,94.1,A
USGS,4172000,2008-08-17,90.1,A
USGS,4172000,2008-08-18,85.1,A
USGS,4172000,2008-08-19,81.5,A
USGS,4172000,2008-08-20,80.0,A
USGS,4172000,2008-08-21,78.9,A
USGS,4172000,2008-08-22,77.8,A
USGS,4172000,2008-08-23,78.4,A
USGS,4172000,2008-08-24,82.5,A
USGS,4172000,2008-08-25,86.1,A
USGS,4172000,2008-08-26,88.5,A
USGS,4172000,2008-08-27,88.0,A
USGS,4172000,2008-08-28,84.5,A
USGS,4172000,2008-08-29,81.6,A
USGS,4172000,2008-08-30,78.8,A
USGS,4172000,2008-08-31,75.9,A
USGS,4172000,2008-09-01,72.4,A
USGS,4172000,2008-09-02,69.6,A
USGS,4172000,2008-09-03,67.4,A
USGS,4172000,2008-09-04,67.6,A
USGS,4172000,2008-09-05,69.7,A
USGS,4172000,2008-09-06,71.6,A
USGS,4172000,2008-09-07,75.1,A
USGS,4172000,2008-09-08,79.3,A
USGS,4172000,2008-09-09,99.1,A
USGS,4172000,2008-09-10,118,A
USGS,4172000,2008-09-11,125,A
USGS,4172000,2008-09-12,122,A
USGS,4172000,2008-09-13,147,A
USGS,4172000,2008-09-14,290,A
USGS,4172000,2008-09-15,447,A
USGS,4172000,2008-09-16,591,A
USGS,4172000,2008-09-17,696,A
USGS,4172000,2008-09-18,740,A
USGS,4172000,2008-09-19,734,A
USGS,4172000,2008-09-20,692,A
USGS,4172000,2008-09-21,632,A
USGS,4172000,2008-09-22,570,A
USGS,4172000,2008-09-23,511,A
USGS,4172000,2008-09-24,457,A
USGS,4172000,2008-09-25,409,A
USGS,4172000,2008-09-26,367,A
USGS,4172000,2008-09-27,326,A
USGS,4172000,2008-09-28,286,A
USGS,4172000,2008-09-29,250,A
USGS,4172000,2008-09-30,227,A
USGS,4172000,2008-10-01,217,A
USGS,4172000,2008-10-02,210,A
USGS,4172000,2008-10-03,208,A
USGS,4172000,2008-10-04,209,A
USGS,4172000,2008-10-05,210,A
USGS,4172000,2008-10-06,207,A
USGS,4172000,2008-10-07,201,A
USGS,4172000,2008-10-08,196,A
USGS,4172000,2008-10-09,192,A
USGS,4172000,2008-10-10,189,A
USGS,4172000,2008-10-11,185,A
USGS,4172000,2008-10-12,179,A
USGS,4172000,2008-10-13,172,A
USGS,4172000,2008-10-14,165,A
USGS,4172000,2008-10-15,157,A
USGS,4172000,2008-10-16,161,A
USGS,4172000,2008-10-17,165,A
USGS,4172000,2008-10-18,166,A
USGS,4172000,2008-10-19,160,A
USGS,4172000,2008-10-20,154,A
USGS,4172000,2008-10-21,150,A
USGS,4172000,2008-10-22,147,A
USGS,4172000,2008-10-23,144,A
USGS,4172000,2008-10-24,143,A
USGS,4172000,2008-10-25,144,A
USGS,4172000,2008-10-26,146,A
USGS,4172000,2008-10-27,149,A
USGS,4172000,2008-10-28,149,A
USGS,4172000,2008-10-29,146,A
USGS,4172000,2008-10-30,141,A
USGS,4172000,2008-10-31,138,A
USGS,4172000,2008-11-01,137,A
USGS,4172000,2008-11-02,140,A
USGS,4172000,2008-11-03,154,A
USGS,4172000,2008-11-04,186,A
USGS,4172000,2008-11-05,229,A
USGS,4172000,2008-11-06,246,A
USGS,4172000,2008-11-07,268,A
USGS,4172000,2008-11-08,270,A
USGS,4172000,2008-11-09,251,A
USGS,4172000,2008-11-10,230,A
USGS,4172000,2008-11-11,225,A
USGS,4172000,2008-11-12,244,A
USGS,4172000,2008-11-13,264,A
USGS,4172000,2008-11-14,276,A
USGS,4172000,2008-11-15,320,A
USGS,4172000,2008-11-16,359,A
USGS,4172000,2008-11-17,376,A
USGS,4172000,2008-11-18,378,A
USGS,4172000,2008-11-19,379,A
USGS,4172000,2008-11-20,393,A
USGS,4172000,2008-11-21,380,A
USGS,4172000,2008-11-22,351,A
USGS,4172000,2008-11-23,320,A
USGS,4172000,2008-11-24,297,A
USGS,4172000,2008-11-25,293,A
USGS,4172000,2008-11-26,313,A
USGS,4172000,2008-11-27,316,A
USGS,4172000,2008-11-28,301,A
USGS,4172000,2008-11-29,281,A
USGS,4172000,2008-11-30,268,A
USGS,4172000,2008-12-01,264,A
USGS,4172000,2008-12-02,274,A
USGS,4172000,2008-12-03,305,A
USGS,4172000,2008-12-04,322,A
USGS,4172000,2008-12-05,333,A
USGS,4172000,2008-12-06,319,A
USGS,4172000,2008-12-07,293,A
USGS,4172000,2008-12-08,266,A
USGS,4172000,2008-12-09,259,A
USGS,4172000,2008-12-10,275,A
USGS,4172000,2008-12-11,295,A
USGS,4172000,2008-12-12,301,A
USGS,4172000,2008-12-13,302,A
USGS,4172000,2008-12-14,295,A
USGS,4172000,2008-12-15,303,A
USGS,4172000,2008-12-16,309,A
USGS,4172000,2008-12-17,320,A
USGS,4172000,2008-12-18,324,A
USGS,4172000,2008-12-19,323,A:e
USGS,4172000,2008-12-20,319,A:e
USGS,4172000,2008-12-21,312,A:e
USGS,4172000,2008-12-22,305,A:e
USGS,4172000,2008-12-23,296,A:e
USGS,4172000,2008-12-24,292,A:e
USGS,4172000,2008-12-25,292,A:e
USGS,4172000,2008-12-26,303,A:e
USGS,4172000,2008-12-27,322,A:e
USGS,4172000,2008-12-28,362,A:e
USGS,4172000,2008-12-29,469,A:e
USGS,4172000,2008-12-30,603,A
USGS,4172000,2008-12-31,684,A
USGS,4172000,2009-01-01,694,A
USGS,4172000,2009-01-02,709,A
USGS,4172000,2009-01-03,648,A
USGS,4172000,2009-01-04,602,A
USGS,4172000,2009-01-05,547,A
USGS,4172000,2009-01-06,476,A
USGS,4172000,2009-01-07,470,A
USGS,4172000,2009-01-08,442,A
USGS,4172000,2009-01-09,412,A
USGS,4172000,2009-01-10,388,A
USGS,4172000,2009-01-11,361,A
USGS,4172000,2009-01-12,343,A:e
USGS,4172000,2009-01-13,336,A:e
USGS,4172000,2009-01-14,328,A:e
USGS,4172000,2009-01-15,322,A:e
USGS,4172000,2009-01-16,314,A:e
USGS,4172000,2009-01-17,300,A:e
USGS,4172000,2009-01-18,284,A:e
USGS,4172000,2009-01-19,271,A:e
USGS,4172000,2009-01-20,270,A:e
USGS,4172000,2009-01-21,269,A:e
USGS,4172000,2009-01-22,265,A:e
USGS,4172000,2009-01-23,260,A:e
USGS,4172000,2009-01-24,258,A:e
USGS,4172000,2009-01-25,256,A:e
USGS,4172000,2009-01-26,251,A:e
USGS,4172000,2009-01-27,246,A:e
USGS,4172000,2009-01-28,240,A:e
USGS,4172000,2009-01-29,235,A:e
USGS,4172000,2009-01-30,230,A:e
USGS,4172000,2009-01-31,228,A:e
USGS,4172000,2009-02-01,224,A:e
USGS,4172000,2009-02-02,217,A:e
USGS,4172000,2009-02-03,212,A:e
USGS,4172000,2009-02-04,209,A:e
USGS,4172000,2009-02-05,204,A:e
USGS,4172000,2009-02-06,201,A:e
USGS,4172000,2009-02-07,195,A:e
USGS,4172000,2009-02-08,210,A:e
USGS,4172000,2009-02-09,230,A:e
USGS,4172000,2009-02-10,260,A:e
USGS,4172000,2009-02-11,310,A:e
USGS,4172000,2009-02-12,409,A
USGS,4172000,2009-02-13,517,A
USGS,4172000,2009-02-14,610,A:e
USGS,4172000,2009-02-15,674,A:e
USGS,4172000,2009-02-16,707,A:e
USGS,4172000,2009-02-17,714,A:e
USGS,4172000,2009-02-18,680,A:e
USGS,4172000,2009-02-19,644,A:e
USGS,4172000,2009-02-20,599,A:e
USGS,4172000,2009-02-21,554,A:e
USGS,4172000,2009-02-22,510,A:e
USGS,4172000,2009-02-23,484,A:e
USGS,4172000,2009-02-24,461,A:e
USGS,4172000,2009-02-25,448,A:e
USGS,4172000,2009-02-26,442,A
USGS,4172000,2009-02-27,459,A
USGS,4172000,2009-02-28,482,A
USGS,4172000,2009-03-01,514,A
USGS,4172000,2009-03-02,527,A:e
USGS,4172000,2009-03-03,515,A:e
USGS,4172000,2009-03-04,484,A:e
USGS,4172000,2009-03-05,448,A
USGS,4172000,2009-03-06,431,A
USGS,4172000,2009-03-07,448,A
USGS,4172000,2009-03-08,529,A
USGS,4172000,2009-03-09,651,A
USGS,4172000,2009-03-10,812,A
USGS,4172000,2009-03-11,984,A
USGS,4172000,2009-03-12,1040,A
USGS,4172000,2009-03-13,1040,A
USGS,4172000,2009-03-14,1020,A
USGS,4172000,2009-03-15,983,A
USGS,4172000,2009-03-16,931,A
USGS,4172000,2009-03-17,865,A
USGS,4172000,2009-03-18,770,A
USGS,4172000,2009-03-19,672,A
USGS,4172000,2009-03-20,610,A
USGS,4172000,2009-03-21,548,A
USGS,4172000,2009-03-22,517,A
USGS,4172000,2009-03-23,500,A
USGS,4172000,2009-03-24,464,A
USGS,4172000,2009-03-25,408,A
USGS,4172000,2009-03-26,389,A
USGS,4172000,2009-03-27,388,A
USGS,4172000,2009-03-28,392,A
USGS,4172000,2009-03-29,411,A
USGS,4172000,2009-03-30,428,A
USGS,4172000,2009-03-31,428,A
USGS,4172000,2009-04-01,413,A
USGS,4172000,2009-04-02,406,A
USGS,4172000,2009-04-03,418,A
USGS,4172000,2009-04-04,426,A
USGS,4172000,2009-04-05,422,A
USGS,4172000,2009-04-06,439,A
USGS,4172000,2009-04-07,453,A
USGS,4172000,2009-04-08,460,A
USGS,4172000,2009-04-09,466,A
USGS,4172000,2009-04-10,469,A
USGS,4172000,2009-04-11,470,A
USGS,4172000,2009-04-12,462,A
USGS,4172000,2009-04-13,443,A
USGS,4172000,2009-04-14,434,A
USGS,4172000,2009-04-15,465,A
USGS,4172000,2009-04-16,490,A
USGS,4172000,2009-04-17,516,A
USGS,4172000,2009-04-18,530,A
USGS,4172000,2009-04-19,530,A
USGS,4172000,2009-04-20,553,A
USGS,4172000,2009-04-21,590,A
USGS,4172000,2009-04-22,641,A
USGS,4172000,2009-04-23,697,A
USGS,4172000,2009-04-24,727,A
USGS,4172000,2009-04-25,728,A
USGS,4172000,2009-04-26,730,A
USGS,4172000,2009-04-27,733,A
USGS,4172000,2009-04-28,762,A
USGS,4172000,2009-04-29,780,A
USGS,4172000,2009-04-30,778,A
USGS,4172000,2009-05-01,791,A
USGS,4172000,2009-05-02,790,A
USGS,4172000,2009-05-03,784,A
USGS,4172000,2009-05-04,761,A
USGS,4172000,2009-05-05,724,A
USGS,4172000,2009-05-06,682,A
USGS,4172000,2009-05-07,640,A
USGS,4172000,2009-05-08,590,A
USGS,4172000,2009-05-09,526,A
USGS,4172000,2009-05-10,495,A
USGS,4172000,2009-05-11,486,A
USGS,4172000,2009-05-12,477,A
USGS,4172000,2009-05-13,467,A
USGS,4172000,2009-05-14,475,A
USGS,4172000,2009-05-15,478,A
USGS,4172000,2009-05-16,546,A
USGS,4172000,2009-05-17,610,A
USGS,4172000,2009-05-18,657,A
USGS,4172000,2009-05-19,673,A
USGS,4172000,2009-05-20,663,A
USGS,4172000,2009-05-21,637,A
USGS,4172000,2009-05-22,603,A
USGS,4172000,2009-05-23,566,A
USGS,4172000,2009-05-24,533,A
USGS,4172000,2009-05-25,500,A
USGS,4172000,2009-05-26,465,A
USGS,4172000,2009-05-27,437,A
USGS,4172000,2009-05-28,415,A
USGS,4172000,2009-05-29,391,A
USGS,4172000,2009-05-30,371,A
USGS,4172000,2009-05-31,357,A
USGS,4172000,2009-06-01,344,A
USGS,4172000,2009-06-02,333,A
USGS,4172000,2009-06-03,321,A
USGS,4172000,2009-06-04,311,A
USGS,4172000,2009-06-05,298,A
USGS,4172000,2009-06-06,280,A
USGS,4172000,2009-06-07,264,A
USGS,4172000,2009-06-08,255,A
USGS,4172000,2009-06-09,254,A
USGS,4172000,2009-06-10,248,A
USGS,4172000,2009-06-11,244,A
USGS,4172000,2009-06-12,241,A
USGS,4172000,2009-06-13,233,A
USGS,4172000,2009-06-14,222,A
USGS,4172000,2009-06-15,213,A
USGS,4172000,2009-06-16,205,A
USGS,4172000,2009-06-17,203,A
USGS,4172000,2009-06-18,208,A
USGS,4172000,2009-06-19,225,A
USGS,4172000,2009-06-20,333,A
USGS,4172000,2009-06-21,412,A
USGS,4172000,2009-06-22,488,A
USGS,4172000,2009-06-23,543,A
USGS,4172000,2009-06-24,561,A
USGS,4172000,2009-06-25,552,A
USGS,4172000,2009-06-26,541,A
USGS,4172000,2009-06-27,521,A
USGS,4172000,2009-06-28,496,A
USGS,4172000,2009-06-29,463,A
USGS,4172000,2009-06-30,429,A
USGS,4172000,2009-07-01,398,A
USGS,4172000,2009-07-02,372,A
USGS,4172000,2009-07-03,347,A
USGS,4172000,2009-07-04,322,A
USGS,4172000,2009-07-05,298,A
USGS,4172000,2009-07-06,276,A
USGS,4172000,2009-07-07,255,A
USGS,4172000,2009-07-08,235,A
USGS,4172000,2009-07-09,218,A
USGS,4172000,2009-07-10,203,A
USGS,4172000,2009-07-11,191,A
USGS,4172000,2009-07-12,179,A
USGS,4172000,2009-07-13,166,A
USGS,4172000,2009-07-14,154,A
USGS,4172000,2009-07-15,143,A
USGS,4172000,2009-07-16,134,A
USGS,4172000,2009-07-17,130,A
USGS,4172000,2009-07-18,125,A
USGS,4172000,2009-07-19,120,A
USGS,4172000,2009-07-20,114,A
USGS,4172000,2009-07-21,109,A
USGS,4172000,2009-07-22,104,A
USGS,4172000,2009-07-23,105,A
USGS,4172000,2009-07-24,116,A
USGS,4172000,2009-07-25,125,A
USGS,4172000,2009-07-26,126,A
USGS,4172000,2009-07-27,124,A
USGS,4172000,2009-07-28,124,A
USGS,4172000,2009-07-29,139,A
USGS,4172000,2009-07-30,153,A
USGS,4172000,2009-07-31,151,A
USGS,4172000,2009-08-01,143,A
USGS,4172000,2009-08-02,134,A
USGS,4172000,2009-08-03,126,A
USGS,4172000,2009-08-04,120,A
USGS,4172000,2009-08-05,115,A
USGS,4172000,2009-08-06,111,A
USGS,4172000,2009-08-07,106,A
USGS,4172000,2009-08-08,120,A
USGS,4172000,2009-08-09,173,A
USGS,4172000,2009-08-10,227,A
USGS,4172000,2009-08-11,269,A
USGS,4172000,2009-08-12,293,A
USGS,4172000,2009-08-13,296,A
USGS,4172000,2009-08-14,283,A
USGS,4172000,2009-08-15,262,A
USGS,4172000,2009-08-16,241,A
USGS,4172000,2009-08-17,226,A
USGS,4172000,2009-08-18,211,A
USGS,4172000,2009-08-19,198,A
USGS,4172000,2009-08-20,189,A
USGS,4172000,2009-08-21,180,A
USGS,4172000,2009-08-22,174,A
USGS,4172000,2009-08-23,171,A
USGS,4172000,2009-08-24,167,A
USGS,4172000,2009-08-25,163,A
USGS,4172000,2009-08-26,163,A
USGS,4172000,2009-08-27,171,A
USGS,4172000,2009-08-28,187,A
USGS,4172000,2009-08-29,226,A
USGS,4172000,2009-08-30,248,A
USGS,4172000,2009-08-31,253,A
USGS,4172000,2009-09-01,248,A
USGS,4172000,2009-09-02,235,A
USGS,4172000,2009-09-03,219,A
USGS,4172000,2009-09-04,202,A
USGS,4172000,2009-09-05,187,A
USGS,4172000,2009-09-06,175,A
USGS,4172000,2009-09-07,164,A
USGS,4172000,2009-09-08,162,A
USGS,4172000,2009-09-09,161,A
USGS,4172000,2009-09-10,163,A
USGS,4172000,2009-09-11,161,A
USGS,4172000,2009-09-12,156,A
USGS,4172000,2009-09-13,149,A
USGS,4172000,2009-09-14,141,A
USGS,4172000,2009-09-15,134,A
USGS,4172000,2009-09-16,128,A
USGS,4172000,2009-09-17,121,A
USGS,4172000,2009-09-18,114,A
USGS,4172000,2009-09-19,108,A
USGS,4172000,2009-09-20,103,A
USGS,4172000,2009-09-21,104,A
USGS,4172000,2009-09-22,106,A
USGS,4172000,2009-09-23,109,A
USGS,4172000,2009-09-24,110,A
USGS,4172000,2009-09-25,111,A
USGS,4172000,2009-09-26,110,A
USGS,4172000,2009-09-27,109,A
USGS,4172000,2009-09-28,112,A
USGS,4172000,2009-09-29,121,A
USGS,4172000,2009-09-30,126,A
USGS,4172000,2009-10-01,127,A
USGS,4172000,2009-10-02,133,A
USGS,4172000,2009-10-03,146,A
USGS,4172000,2009-10-04,156,A
USGS,4172000,2009-10-05,165,A
USGS,4172000,2009-10-06,171,A
USGS,4172000,2009-10-07,175,A
USGS,4172000,2009-10-08,171,A
USGS,4172000,2009-10-09,180,A
USGS,4172000,2009-10-10,208,A
USGS,4172000,2009-10-11,224,A
USGS,4172000,2009-10-12,230,A
USGS,4172000,2009-10-13,229,A
USGS,4172000,2009-10-14,220,A
USGS,4172000,2009-10-15,208,A
USGS,4172000,2009-10-16,196,A
USGS,4172000,2009-10-17,185,A
USGS,4172000,2009-10-18,177,A
USGS,4172000,2009-10-19,168,A
USGS,4172000,2009-10-20,162,A
USGS,4172000,2009-10-21,161,A
USGS,4172000,2009-10-22,160,A
USGS,4172000,2009-10-23,168,A
USGS,4172000,2009-10-24,196,A
USGS,4172000,2009-10-25,214,A
USGS,4172000,2009-10-26,225,A
USGS,4172000,2009-10-27,229,A
USGS,4172000,2009-10-28,230,A
USGS,4172000,2009-10-29,227,A
USGS,4172000,2009-10-30,232,A
USGS,4172000,2009-10-31,251,A
USGS,4172000,2009-11-01,265,A
USGS,4172000,2009-11-02,280,A
USGS,4172000,2009-11-03,299,A
USGS,4172000,2009-11-04,333,A
USGS,4172000,2009-11-05,347,A
USGS,4172000,2009-11-06,361,A
USGS,4172000,2009-11-07,355,A
USGS,4172000,2009-11-08,352,A
USGS,4172000,2009-11-09,332,A
USGS,4172000,2009-11-10,305,A
USGS,4172000,2009-11-11,283,A
USGS,4172000,2009-11-12,291,A
USGS,4172000,2009-11-13,281,A
USGS,4172000,2009-11-14,266,A
USGS,4172000,2009-11-15,276,A
USGS,4172000,2009-11-16,267,A
USGS,4172000,2009-11-17,254,A
USGS,4172000,2009-11-18,264,A
USGS,4172000,2009-11-19,272,A
USGS,4172000,2009-11-20,285,A
USGS,4172000,2009-11-21,280,A
USGS,4172000,2009-11-22,259,A
USGS,4172000,2009-11-23,239,A
USGS,4172000,2009-11-24,223,A
USGS,4172000,2009-11-25,227,A
USGS,4172000,2009-11-26,247,A
USGS,4172000,2009-11-27,249,A
USGS,4172000,2009-11-28,237,A
USGS,4172000,2009-11-29,226,A
USGS,4172000,2009-11-30,220,A
USGS,4172000,2009-12-01,223,A
USGS,4172000,2009-12-02,230,A
USGS,4172000,2009-12-03,247,A
USGS,4172000,2009-12-04,258,A
USGS,4172000,2009-12-05,261,A
USGS,4172000,2009-12-06,259,A
USGS,4172000,2009-12-07,251,A
USGS,4172000,2009-12-08,242,A
USGS,4172000,2009-12-09,248,A
USGS,4172000,2009-12-10,260,A
USGS,4172000,2009-12-11,267,A
USGS,4172000,2009-12-12,277,A:e
USGS,4172000,2009-12-13,281,A
USGS,4172000,2009-12-14,277,A
USGS,4172000,2009-12-15,273,A
USGS,4172000,2009-12-16,264,A
USGS,4172000,2009-12-17,262,A:e
USGS,4172000,2009-12-18,255,A:e
USGS,4172000,2009-12-19,247,A
USGS,4172000,2009-12-20,237,A
USGS,4172000,2009-12-21,229,A
USGS,4172000,2009-12-22,223,A
USGS,4172000,2009-12-23,216,A
USGS,4172000,2009-12-24,210,A
USGS,4172000,2009-12-25,217,A
USGS,4172000,2009-12-26,257,A
USGS,4172000,2009-12-27,289,A
USGS,4172000,2009-12-28,312,A
USGS,4172000,2009-12-29,326,A:e
USGS,4172000,2009-12-30,326,A:e
USGS,4172000,2009-12-31,313,A
USGS,4172000,2010-01-01,293,A
USGS,4172000,2010-01-02,274,A
USGS,4172000,2010-01-03,268,A:e
USGS,4172000,2010-01-04,258,A:e
USGS,4172000,2010-01-05,251,A:e
USGS,4172000,2010-01-06,246,A:e
USGS,4172000,2010-01-07,242,A:e
USGS,4172000,2010-01-08,238,A
USGS,4172000,2010-01-09,234,A:e
USGS,4172000,2010-01-10,232,A:e
USGS,4172000,2010-01-11,229,A:e
USGS,4172000,2010-01-12,225,A:e
USGS,4172000,2010-01-13,220,A:e
USGS,4172000,2010-01-14,217,A:e
USGS,4172000,2010-01-15,210,A
USGS,4172000,2010-01-16,201,A
USGS,4172000,2010-01-17,194,A
USGS,4172000,2010-01-18,189,A
USGS,4172000,2010-01-19,186,A
USGS,4172000,2010-01-20,183,A
USGS,4172000,2010-01-21,180,A
USGS,4172000,2010-01-22,178,A
USGS,4172000,2010-01-23,175,A
USGS,4172000,2010-01-24,178,A
USGS,4172000,2010-01-25,199,A
USGS,4172000,2010-01-26,217,A
USGS,4172000,2010-01-27,228,A
USGS,4172000,2010-01-28,,
USGS,4172000,2010-01-29,227,A:e
USGS,4172000,2010-01-30,224,A:e
USGS,4172000,2010-01-31,217,A:e
USGS,4172000,2010-02-01,208,A:e
USGS,4172000,2010-02-02,195,A
USGS,4172000,2010-02-03,184,A
USGS,4172000,2010-02-04,175,A
USGS,4172000,2010-02-05,170,A
USGS,4172000,2010-02-06,166,A
USGS,4172000,2010-02-07,160,A
USGS,4172000,2010-02-08,159,A
USGS,4172000,2010-02-09,157,A
USGS,4172000,2010-02-10,165,A
USGS,4172000,2010-02-11,165,A
USGS,4172000,2010-02-12,164,A
USGS,4172000,2010-02-13,162,A
USGS,4172000,2010-02-14,160,A
USGS,4172000,2010-02-15,159,A
USGS,4172000,2010-02-16,158,A
USGS,4172000,2010-02-17,158,A
USGS,4172000,2010-02-18,158,A
USGS,4172000,2010-02-19,158,A
USGS,4172000,2010-02-20,157,A
USGS,4172000,2010-02-21,156,A
USGS,4172000,2010-02-22,164,A
USGS,4172000,2010-02-23,171,A
USGS,4172000,2010-02-24,174,A
USGS,4172000,2010-02-25,176,A
USGS,4172000,2010-02-26,177,A
USGS,4172000,2010-02-27,180,A
USGS,4172000,2010-02-28,180,A
USGS,4172000,2010-03-01,180,A
USGS,4172000,2010-03-02,181,A
USGS,4172000,2010-03-03,182,A
USGS,4172000,2010-03-04,182,A
USGS,4172000,2010-03-05,181,A
USGS,4172000,2010-03-06,181,A
USGS,4172000,2010-03-07,182,A
USGS,4172000,2010-03-08,185,A
USGS,4172000,2010-03-09,194,A
USGS,4172000,2010-03-10,217,A
USGS,4172000,2010-03-11,257,A
USGS,4172000,2010-03-12,331,A
USGS,4172000,2010-03-13,403,A
USGS,4172000,2010-03-14,478,A
USGS,4172000,2010-03-15,545,A
USGS,4172000,2010-03-16,586,A
USGS,4172000,2010-03-17,590,A
USGS,4172000,2010-03-18,569,A
USGS,4172000,2010-03-19,534,A
USGS,4172000,2010-03-20,482,A
USGS,4172000,2010-03-21,418,A
USGS,4172000,2010-03-22,384,A
USGS,4172000,2010-03-23,339,A
USGS,4172000,2010-03-24,297,A
USGS,4172000,2010-03-25,287,A
USGS,4172000,2010-03-26,262,A
USGS,4172000,2010-03-27,242,A
USGS,4172000,2010-03-28,243,A
USGS,4172000,2010-03-29,266,A
USGS,4172000,2010-03-30,253,A
USGS,4172000,2010-03-31,241,A
USGS,4172000,2010-04-01,214,A
USGS,4172000,2010-04-02,198,A
USGS,4172000,2010-04-03,203,A
USGS,4172000,2010-04-04,207,A
USGS,4172000,2010-04-05,212,A
USGS,4172000,2010-04-06,222,A
USGS,4172000,2010-04-07,222,A
USGS,4172000,2010-04-08,241,A
USGS,4172000,2010-04-09,257,A
USGS,4172000,2010-04-10,260,A
USGS,4172000,2010-04-11,255,A
USGS,4172000,2010-04-12,244,A
USGS,4172000,2010-04-13,219,A
USGS,4172000,2010-04-14,209,A
USGS,4172000,2010-04-15,190,A
USGS,4172000,2010-04-16,177,A
USGS,4172000,2010-04-17,175,A
USGS,4172000,2010-04-18,172,A
USGS,4172000,2010-04-19,171,A
USGS,4172000,2010-04-20,169,A
USGS,4172000,2010-04-21,148,A
USGS,4172000,2010-04-22,136,A
USGS,4172000,2010-04-23,135,A
USGS,4172000,2010-04-24,135,A
USGS,4172000,2010-04-25,154,A
USGS,4172000,2010-04-26,176,A
USGS,4172000,2010-04-27,182,A
USGS,4172000,2010-04-28,176,A
USGS,4172000,2010-04-29,144,A
USGS,4172000,2010-04-30,132,A
USGS,4172000,2010-05-01,136,A
USGS,4172000,2010-05-02,160,A
USGS,4172000,2010-05-03,238,A
USGS,4172000,2010-05-04,295,A
USGS,4172000,2010-05-05,327,A
USGS,4172000,2010-05-06,334,A
USGS,4172000,2010-05-07,336,A
USGS,4172000,2010-05-08,370,A
USGS,4172000,2010-05-09,390,A
USGS,4172000,2010-05-10,406,A
USGS,4172000,2010-05-11,435,A
USGS,4172000,2010-05-12,478,A
USGS,4172000,2010-05-13,525,A
USGS,4172000,2010-05-14,591,A
USGS,4172000,2010-05-15,633,A
USGS,4172000,2010-05-16,654,A
USGS,4172000,2010-05-17,653,A
USGS,4172000,2010-05-18,626,A
USGS,4172000,2010-05-19,582,A
USGS,4172000,2010-05-20,520,A
USGS,4172000,2010-05-21,462,A
USGS,4172000,2010-05-22,446,A
USGS,4172000,2010-05-23,445,A
USGS,4172000,2010-05-24,463,A
USGS,4172000,2010-05-25,472,A
USGS,4172000,2010-05-26,458,A
USGS,4172000,2010-05-27,426,A
USGS,4172000,2010-05-28,380,A
USGS,4172000,2010-05-29,331,A
USGS,4172000,2010-05-30,285,A
USGS,4172000,2010-05-31,249,A
USGS,4172000,2010-06-01,246,A
USGS,4172000,2010-06-02,253,A
USGS,4172000,2010-06-03,270,A
USGS,4172000,2010-06-04,283,A
USGS,4172000,2010-06-05,312,A
USGS,4172000,2010-06-06,397,A
USGS,4172000,2010-06-07,485,A
USGS,4172000,2010-06-08,576,A
USGS,4172000,2010-06-09,651,A
USGS,4172000,2010-06-10,688,A
USGS,4172000,2010-06-11,680,A
USGS,4172000,2010-06-12,634,A
USGS,4172000,2010-06-13,578,A
USGS,4172000,2010-06-14,517,A
USGS,4172000,2010-06-15,458,A
USGS,4172000,2010-06-16,404,A
USGS,4172000,2010-06-17,352,A
USGS,4172000,2010-06-18,307,A
USGS,4172000,2010-06-19,286,A
USGS,4172000,2010-06-20,263,A
USGS,4172000,2010-06-21,238,A
USGS,4172000,2010-06-22,233,A
USGS,4172000,2010-06-23,237,A
USGS,4172000,2010-06-24,246,A
USGS,4172000,2010-06-25,246,A
USGS,4172000,2010-06-26,241,A
USGS,4172000,2010-06-27,235,A
USGS,4172000,2010-06-28,232,A
USGS,4172000,2010-06-29,222,A
USGS,4172000,2010-06-30,210,A
USGS,4172000,2010-07-01,196,A
USGS,4172000,2010-07-02,182,A
USGS,4172000,2010-07-03,167,A
USGS,4172000,2010-07-04,152,A
USGS,4172000,2010-07-05,139,A
USGS,4172000,2010-07-06,129,A
USGS,4172000,2010-07-07,121,A
USGS,4172000,2010-07-08,116,A
USGS,4172000,2010-07-09,122,A
USGS,4172000,2010-07-10,128,A
USGS,4172000,2010-07-11,124,A
USGS,4172000,2010-07-12,117,A
USGS,4172000,2010-07-13,115,A
USGS,4172000,2010-07-14,117,A
USGS,4172000,2010-07-15,117,A
USGS,4172000,2010-07-16,119,A
USGS,4172000,2010-07-17,127,A
USGS,4172000,2010-07-18,130,A
USGS,4172000,2010-07-19,129,A
USGS,4172000,2010-07-20,138,A
USGS,4172000,2010-07-21,143,A
USGS,4172000,2010-07-22,144,A
USGS,4172000,2010-07-23,152,A
USGS,4172000,2010-07-24,173,A
USGS,4172000,2010-07-25,197,A
USGS,4172000,2010-07-26,212,A
USGS,4172000,2010-07-27,215,A
USGS,4172000,2010-07-28,209,A
USGS,4172000,2010-07-29,201,A
USGS,4172000,2010-07-30,199,A
USGS,4172000,2010-07-31,196,A
USGS,4172000,2010-08-01,190,A
USGS,4172000,2010-08-02,182,A
USGS,4172000,2010-08-03,172,A
USGS,4172000,2010-08-04,164,A
USGS,4172000,2010-08-05,158,A
USGS,4172000,2010-08-06,152,A
USGS,4172000,2010-08-07,144,A
USGS,4172000,2010-08-08,135,A
USGS,4172000,2010-08-09,126,A
USGS,4172000,2010-08-10,122,A
USGS,4172000,2010-08-11,119,A
USGS,4172000,2010-08-12,117,A
USGS,4172000,2010-08-13,114,A
USGS,4172000,2010-08-14,110,A
USGS,4172000,2010-08-15,105,A
USGS,4172000,2010-08-16,101,A
USGS,4172000,2010-08-17,96.6,A
USGS,4172000,2010-08-18,90.6,A
USGS,4172000,2010-08-19,85.3,A
USGS,4172000,2010-08-20,81.8,A
USGS,4172000,2010-08-21,79.9,A
USGS,4172000,2010-08-22,80.4,A
USGS,4172000,2010-08-23,80.3,A
USGS,4172000,2010-08-24,79.3,A
USGS,4172000,2010-08-25,78.5,A
USGS,4172000,2010-08-26,76.7,A
USGS,4172000,2010-08-27,74.7,A
USGS,4172000,2010-08-28,73.0,A
USGS,4172000,2010-08-29,71.2,A
USGS,4172000,2010-08-30,69.4,A
USGS,4172000,2010-08-31,67.4,A
USGS,4172000,2010-09-01,65.4,A
USGS,4172000,2010-09-02,65.0,A
USGS,4172000,2010-09-03,66.8,A
USGS,4172000,2010-09-04,65.7,A
USGS,4172000,2010-09-05,62.2,A
USGS,4172000,2010-09-06,60.2,A
USGS,4172000,2010-09-07,58.9,A
USGS,4172000,2010-09-08,57.3,A
USGS,4172000,2010-09-09,55.4,A
USGS,4172000,2010-09-10,55.3,A
USGS,4172000,2010-09-11,58.1,A
USGS,4172000,2010-09-12,65.0,A
USGS,4172000,2010-09-13,71.1,A
USGS,4172000,2010-09-14,72.8,A
USGS,4172000,2010-09-15,73.0,A
USGS,4172000,2010-09-16,78.1,A
USGS,4172000,2010-09-17,91.8,A
USGS,4172000,2010-09-18,112,A
USGS,4172000,2010-09-19,125,A
USGS,4172000,2010-09-20,130,A
USGS,4172000,2010-09-21,128,A
USGS,4172000,2010-09-22,125,A
USGS,4172000,2010-09-23,125,A
USGS,4172000,2010-09-24,122,A
USGS,4172000,2010-09-25,111,A
USGS,4172000,2010-09-26,104,A
USGS,4172000,2010-09-27,99.6,A
USGS,4172000,2010-09-28,101,A
USGS,4172000,2010-09-29,111,A
USGS,4172000,2010-09-30,125,A
USGS,4172000,2010-10-01,129,A
USGS,4172000,2010-10-02,130,A
USGS,4172000,2010-10-03,129,A
USGS,4172000,2010-10-04,126,A
USGS,4172000,2010-10-05,121,A
USGS,4172000,2010-10-06,116,A
USGS,4172000,2010-10-07,115,A
USGS,4172000,2010-10-08,114,A
USGS,4172000,2010-10-09,113,A
USGS,4172000,2010-10-10,111,A
USGS,4172000,2010-10-11,108,A
USGS,4172000,2010-10-12,105,A
USGS,4172000,2010-10-13,102,A
USGS,4172000,2010-10-14,103,A
USGS,4172000,2010-10-15,106,A
USGS,4172000,2010-10-16,110,A
USGS,4172000,2010-10-17,111,A
USGS,4172000,2010-10-18,110,A
USGS,4172000,2010-10-19,110,A
USGS,4172000,2010-10-20,108,A
USGS,4172000,2010-10-21,110,A
USGS,4172000,2010-10-22,114,A
USGS,4172000,2010-10-23,117,A
USGS,4172000,2010-10-24,118,A
USGS,4172000,2010-10-25,119,A
USGS,4172000,2010-10-26,119,A
USGS,4172000,2010-10-27,120,A
USGS,4172000,2010-10-28,119,A
USGS,4172000,2010-10-29,118,A
USGS,4172000,2010-10-30,121,A
USGS,4172000,2010-10-31,121,A
USGS,4172000,2010-11-01,119,A
USGS,4172000,2010-11-02,143,A
USGS,4172000,2010-11-03,179,A
USGS,4172000,2010-11-04,181,A
USGS,4172000,2010-11-05,165,A
USGS,4172000,2010-11-06,173,A
USGS,4172000,2010-11-07,198,A
USGS,4172000,2010-11-08,194,A
USGS,4172000,2010-11-09,198,A
USGS,4172000,2010-11-10,219,A
USGS,4172000,2010-11-11,206,A
USGS,4172000,2010-11-12,180,A
USGS,4172000,2010-11-13,184,A
USGS,4172000,2010-11-14,211,A
USGS,4172000,2010-11-15,200,A
USGS,4172000,2010-11-16,194,A
USGS,4172000,2010-11-17,216,A
USGS,4172000,2010-11-18,225,A
USGS,4172000,2010-11-19,233,A
USGS,4172000,2010-11-20,216,A
USGS,4172000,2010-11-21,191,A
USGS,4172000,2010-11-22,178,A
USGS,4172000,2010-11-23,184,A
USGS,4172000,2010-11-24,196,A
USGS,4172000,2010-11-25,219,A
USGS,4172000,2010-11-26,232,A
USGS,4172000,2010-11-27,230,A
USGS,4172000,2010-11-28,224,A
USGS,4172000,2010-11-29,216,A
USGS,4172000,2010-11-30,218,A
USGS,4172000,2010-12-01,222,A
USGS,4172000,2010-12-02,221,A
USGS,4172000,2010-12-03,218,A
USGS,4172000,2010-12-04,218,A
USGS,4172000,2010-12-05,217,A
USGS,4172000,2010-12-06,205,A
USGS,4172000,2010-12-07,195,A
USGS,4172000,2010-12-08,184,A
USGS,4172000,2010-12-09,181,A:e
USGS,4172000,2010-12-10,172,A:e
USGS,4172000,2010-12-11,165,A
USGS,4172000,2010-12-12,167,A
USGS,4172000,2010-12-13,180,A:e
USGS,4172000,2010-12-14,205,A:e
USGS,4172000,2010-12-15,212,A:e
USGS,4172000,2010-12-16,202,A:e
USGS,4172000,2010-12-17,181,A:e
USGS,4172000,2010-12-18,165,A:e
USGS,4172000,2010-12-19,154,A:e
USGS,4172000,2010-12-20,147,A:e
USGS,4172000,2010-12-21,143,A:e
USGS,4172000,2010-12-22,139,A:e
USGS,4172000,2010-12-23,134,A:e
USGS,4172000,2010-12-24,131,A:e
USGS,4172000,2010-12-25,128,A:e
USGS,4172000,2010-12-26,126,A:e
USGS,4172000,2010-12-27,124,A:e
USGS,4172000,2010-12-28,122,A:e
USGS,4172000,2010-12-29,120,A:e
USGS,4172000,2010-12-30,123,A:e
USGS,4172000,2010-12-31,131,A:e
USGS,4172000,2011-01-01,164,A
USGS,4172000,2011-01-02,205,A:e
USGS,4172000,2011-01-03,224,A:e
USGS,4172000,2011-01-04,222,A:e
USGS,4172000,2011-01-05,210,A:e
USGS,4172000,2011-01-06,200,A
USGS,4172000,2011-01-07,190,A
USGS,4172000,2011-01-08,184,A:e
USGS,4172000,2011-01-09,180,A:e
USGS,4172000,2011-01-10,177,A:e
USGS,4172000,2011-01-11,175,A:e
USGS,4172000,2011-01-12,172,A:e
USGS,4172000,2011-01-13,169,A:e
USGS,4172000,2011-01-14,167,A:e
USGS,4172000,2011-01-15,165,A:e
USGS,4172000,2011-01-16,162,A:e
USGS,4172000,2011-01-17,161,A:e
USGS,4172000,2011-01-18,165,A:e
USGS,4172000,2011-01-19,159,A:e
USGS,4172000,2011-01-20,148,A:e
USGS,4172000,2011-01-21,135,A:e
USGS,4172000,2011-01-22,142,A:e
USGS,4172000,2011-01-23,140,A:e
USGS,4172000,2011-01-24,139,A:e
USGS,4172000,2011-01-25,138,A:e
USGS,4172000,2011-01-26,137,A:e
USGS,4172000,2011-01-27,139,A:e
USGS,4172000,2011-01-28,139,A:e
USGS,4172000,2011-01-29,140,A:e
USGS,4172000,2011-01-30,140,A:e
USGS,4172000,2011-01-31,138,A:e
USGS,4172000,2011-02-01,137,A:e
USGS,4172000,2011-02-02,146,A:e
USGS,4172000,2011-02-03,152,A:e
USGS,4172000,2011-02-04,148,A:e
USGS,4172000,2011-02-05,147,A:e
USGS,4172000,2011-02-06,147,A:e
USGS,4172000,2011-02-07,146,A:e
USGS,4172000,2011-02-08,145,A:e
USGS,4172000,2011-02-09,143,A:e
USGS,4172000,2011-02-10,142,A:e
USGS,4172000,2011-02-11,141,A:e
USGS,4172000,2011-02-12,142,A:e
USGS,4172000,2011-02-13,144,A:e
USGS,4172000,2011-02-14,147,A:e
USGS,4172000,2011-02-15,150,A:e
USGS,4172000,2011-02-16,153,A:e
USGS,4172000,2011-02-17,161,A:e
USGS,4172000,2011-02-18,184,A
USGS,4172000,2011-02-19,210,A
USGS,4172000,2011-02-20,235,A
USGS,4172000,2011-02-21,273,A:e
USGS,4172000,2011-02-22,260,A:e
USGS,4172000,2011-02-23,248,A:e
USGS,4172000,2011-02-24,236,A:e
USGS,4172000,2011-02-25,229,A:e
USGS,4172000,2011-02-26,222,A
USGS,4172000,2011-02-27,216,A
USGS,4172000,2011-02-28,225,A
USGS,4172000,2011-03-01,238,A
USGS,4172000,2011-03-02,250,A
USGS,4172000,2011-03-03,252,A
USGS,4172000,2011-03-04,252,A
USGS,4172000,2011-03-05,286,A
USGS,4172000,2011-03-06,336,A
USGS,4172000,2011-03-07,378,A
USGS,4172000,2011-03-08,416,A
USGS,4172000,2011-03-09,452,A
USGS,4172000,2011-03-10,487,A
USGS,4172000,2011-03-11,514,A
USGS,4172000,2011-03-12,548,A
USGS,4172000,2011-03-13,568,A
USGS,4172000,2011-03-14,568,A
USGS,4172000,2011-03-15,551,A
USGS,4172000,2011-03-16,529,A
USGS,4172000,2011-03-17,514,A
USGS,4172000,2011-03-18,520,A
USGS,4172000,2011-03-19,526,A
USGS,4172000,2011-03-20,528,A
USGS,4172000,2011-03-21,563,A
USGS,4172000,2011-03-22,581,A
USGS,4172000,2011-03-23,625,A
USGS,4172000,2011-03-24,633,A
USGS,4172000,2011-03-25,602,A
USGS,4172000,2011-03-26,590,A
USGS,4172000,2011-03-27,584,A
USGS,4172000,2011-03-28,564,A
USGS,4172000,2011-03-29,530,A
USGS,4172000,2011-03-30,488,A
USGS,4172000,2011-03-31,441,A
USGS,4172000,2011-04-01,386,A
USGS,4172000,2011-04-02,358,A
USGS,4172000,2011-04-03,343,A
USGS,4172000,2011-04-04,337,A
USGS,4172000,2011-04-05,290,A
USGS,4172000,2011-04-06,255,A
USGS,4172000,2011-04-07,287,A
USGS,4172000,2011-04-08,326,A
USGS,4172000,2011-04-09,362,A
USGS,4172000,2011-04-10,383,A
USGS,4172000,2011-04-11,408,A
USGS,4172000,2011-04-12,402,A
USGS,4172000,2011-04-13,378,A
USGS,4172000,2011-04-14,368,A
USGS,4172000,2011-04-15,327,A
USGS,4172000,2011-04-16,296,A
USGS,4172000,2011-04-17,293,A
USGS,4172000,2011-04-18,293,A
USGS,4172000,2011-04-19,309,A
USGS,4172000,2011-04-20,342,A
USGS,4172000,2011-04-21,326,A:e
USGS,4172000,2011-04-22,307,A
USGS,4172000,2011-04-23,347,A
USGS,4172000,2011-04-24,387,A
USGS,4172000,2011-04-25,432,A
USGS,4172000,2011-04-26,477,A
USGS,4172000,2011-04-27,514,A
USGS,4172000,2011-04-28,585,A
USGS,4172000,2011-04-29,686,A
USGS,4172000,2011-04-30,851,A
USGS,4172000,2011-05-01,947,A
USGS,4172000,2011-05-02,954,A
USGS,4172000,2011-05-03,907,A
USGS,4172000,2011-05-04,833,A
USGS,4172000,2011-05-05,755,A
USGS,4172000,2011-05-06,690,A
USGS,4172000,2011-05-07,636,A
USGS,4172000,2011-05-08,583,A
USGS,4172000,2011-05-09,532,A
USGS,4172000,2011-05-10,489,A
USGS,4172000,2011-05-11,454,A
USGS,4172000,2011-05-12,445,A
USGS,4172000,2011-05-13,448,A
USGS,4172000,2011-05-14,474,A
USGS,4172000,2011-05-15,507,A
USGS,4172000,2011-05-16,583,A
USGS,4172000,2011-05-17,649,A
USGS,4172000,2011-05-18,707,A
USGS,4172000,2011-05-19,757,A
USGS,4172000,2011-05-20,779,A
USGS,4172000,2011-05-21,770,A
USGS,4172000,2011-05-22,749,A
USGS,4172000,2011-05-23,718,A
USGS,4172000,2011-05-24,681,A
USGS,4172000,2011-05-25,674,A
USGS,4172000,2011-05-26,740,A
USGS,4172000,2011-05-27,867,A
USGS,4172000,2011-05-28,1050,A
USGS,4172000,2011-05-29,1180,A
USGS,4172000,2011-05-30,1240,A
USGS,4172000,2011-05-31,1220,A
USGS,4172000,2011-06-01,1150,A
USGS,4172000,2011-06-02,1040,A
USGS,4172000,2011-06-03,928,A
USGS,4172000,2011-06-04,817,A
USGS,4172000,2011-06-05,721,A
USGS,4172000,2011-06-06,646,A
USGS,4172000,2011-06-07,588,A
USGS,4172000,2011-06-08,537,A
USGS,4172000,2011-06-09,485,A
USGS,4172000,2011-06-10,443,A
USGS,4172000,2011-06-11,417,A
USGS,4172000,2011-06-12,389,A
USGS,4172000,2011-06-13,361,A
USGS,4172000,2011-06-14,331,A
USGS,4172000,2011-06-15,301,A
USGS,4172000,2011-06-16,276,A
USGS,4172000,2011-06-17,258,A
USGS,4172000,2011-06-18,245,A
USGS,4172000,2011-06-19,235,A
USGS,4172000,2011-06-20,222,A
USGS,4172000,2011-06-21,207,A
USGS,4172000,2011-06-22,198,A
USGS,4172000,2011-06-23,201,A
USGS,4172000,2011-06-24,206,A
USGS,4172000,2011-06-25,207,A
USGS,4172000,2011-06-26,204,A
USGS,4172000,2011-06-27,200,A
USGS,4172000,2011-06-28,194,A
USGS,4172000,2011-06-29,186,A
USGS,4172000,2011-06-30,177,A
USGS,4172000,2011-07-01,170,A
USGS,4172000,2011-07-02,163,A
USGS,4172000,2011-07-03,156,A
USGS,4172000,2011-07-04,150,A
USGS,4172000,2011-07-05,142,A
USGS,4172000,2011-07-06,136,A
USGS,4172000,2011-07-07,131,A
USGS,4172000,2011-07-08,128,A
USGS,4172000,2011-07-09,123,A
USGS,4172000,2011-07-10,118,A
USGS,4172000,2011-07-11,114,A
USGS,4172000,2011-07-12,115,A
USGS,4172000,2011-07-13,116,A
USGS,4172000,2011-07-14,113,A
USGS,4172000,2011-07-15,110,A
USGS,4172000,2011-07-16,105,A
USGS,4172000,2011-07-17,101,A
USGS,4172000,2011-07-18,97.8,A
USGS,4172000,2011-07-19,102,A
USGS,4172000,2011-07-20,112,A
USGS,4172000,2011-07-21,117,A
USGS,4172000,2011-07-22,116,A
USGS,4172000,2011-07-23,114,A
USGS,4172000,2011-07-24,111,A
USGS,4172000,2011-07-25,109,A
USGS,4172000,2011-07-26,104,A
USGS,4172000,2011-07-27,97.8,A
USGS,4172000,2011-07-28,142,A
USGS,4172000,2011-07-29,231,A
USGS,4172000,2011-07-30,307,A
USGS,4172000,2011-07-31,357,A
USGS,4172000,2011-08-01,385,A
USGS,4172000,2011-08-02,391,A
USGS,4172000,2011-08-03,392,A
USGS,4172000,2011-08-04,377,A
USGS,4172000,2011-08-05,361,A
USGS,4172000,2011-08-06,344,A
USGS,4172000,2011-08-07,326,A
USGS,4172000,2011-08-08,304,A
USGS,4172000,2011-08-09,326,A
USGS,4172000,2011-08-10,365,A
USGS,4172000,2011-08-11,397,A
USGS,4172000,2011-08-12,417,A
USGS,4172000,2011-08-13,422,A
USGS,4172000,2011-08-14,424,A
USGS,4172000,2011-08-15,406,A
USGS,4172000,2011-08-16,387,A
USGS,4172000,2011-08-17,367,A
USGS,4172000,2011-08-18,345,A
USGS,4172000,2011-08-19,321,A
USGS,4172000,2011-08-20,306,A
USGS,4172000,2011-08-21,309,A
USGS,4172000,2011-08-22,302,A
USGS,4172000,2011-08-23,289,A
USGS,4172000,2011-08-24,285,A
USGS,4172000,2011-08-25,291,A
USGS,4172000,2011-08-26,291,A
USGS,4172000,2011-08-27,285,A
USGS,4172000,2011-08-28,269,A
USGS,4172000,2011-08-29,249,A
USGS,4172000,2011-08-30,229,A
USGS,4172000,2011-08-31,211,A
USGS,4172000,2011-09-01,197,A
USGS,4172000,2011-09-02,186,A
USGS,4172000,2011-09-03,175,A
USGS,4172000,2011-09-04,168,A
USGS,4172000,2011-09-05,158,A
USGS,4172000,2011-09-06,146,A
USGS,4172000,2011-09-07,139,A
USGS,4172000,2011-09-08,151,A
USGS,4172000,2011-09-09,172,A
USGS,4172000,2011-09-10,224,A
USGS,4172000,2011-09-11,287,A
USGS,4172000,2011-09-12,341,A
USGS,4172000,2011-09-13,386,A
USGS,4172000,2011-09-14,415,A
USGS,4172000,2011-09-15,425,A
USGS,4172000,2011-09-16,411,A
USGS,4172000,2011-09-17,389,A
USGS,4172000,2011-09-18,360,A
USGS,4172000,2011-09-19,335,A
USGS,4172000,2011-09-20,322,A
USGS,4172000,2011-09-21,319,A
USGS,4172000,2011-09-22,319,A
USGS,4172000,2011-09-23,316,A
USGS,4172000,2011-09-24,306,A
USGS,4172000,2011-09-25,293,A
USGS,4172000,2011-09-26,293,A
USGS,4172000,2011-09-27,298,A
USGS,4172000,2011-09-28,300,A
USGS,4172000,2011-09-29,302,A
USGS,4172000,2011-09-30,310,A
USGS,4172000,2011-10-01,317,A
USGS,4172000,2011-10-02,321,A
USGS,4172000,2011-10-03,322,A
USGS,4172000,2011-10-04,317,A
USGS,4172000,2011-10-05,306,A
USGS,4172000,2011-10-06,294,A
USGS,4172000,2011-10-07,278,A
USGS,4172000,2011-10-08,259,A
USGS,4172000,2011-10-09,241,A
USGS,4172000,2011-10-10,226,A
USGS,4172000,2011-10-11,213,A
USGS,4172000,2011-10-12,202,A
USGS,4172000,2011-10-13,194,A
USGS,4172000,2011-10-14,193,A
USGS,4172000,2011-10-15,192,A
USGS,4172000,2011-10-16,189,A
USGS,4172000,2011-10-17,189,A
USGS,4172000,2011-10-18,188,A
USGS,4172000,2011-10-19,193,A
USGS,4172000,2011-10-20,230,A
USGS,4172000,2011-10-21,266,A
USGS,4172000,2011-10-22,294,A
USGS,4172000,2011-10-23,315,A
USGS,4172000,2011-10-24,334,A
USGS,4172000,2011-10-25,339,A
USGS,4172000,2011-10-26,338,A
USGS,4172000,2011-10-27,332,A
USGS,4172000,2011-10-28,322,A
USGS,4172000,2011-10-29,311,A
USGS,4172000,2011-10-30,301,A
USGS,4172000,2011-10-31,292,A
USGS,4172000,2011-11-01,286,A
USGS,4172000,2011-11-02,291,A
USGS,4172000,2011-11-03,321,A
USGS,4172000,2011-11-04,330,A
USGS,4172000,2011-11-05,314,A
USGS,4172000,2011-11-06,291,A
USGS,4172000,2011-11-07,271,A
USGS,4172000,2011-11-08,270,A
USGS,4172000,2011-11-09,304,A
USGS,4172000,2011-11-10,332,A
USGS,4172000,2011-11-11,351,A
USGS,4172000,2011-11-12,347,A
USGS,4172000,2011-11-13,325,A
USGS,4172000,2011-11-14,302,A
USGS,4172000,2011-11-15,295,A
USGS,4172000,2011-11-16,301,A
USGS,4172000,2011-11-17,330,A
USGS,4172000,2011-11-18,340,A
USGS,4172000,2011-11-19,346,A
USGS,4172000,2011-11-20,325,A
USGS,4172000,2011-11-21,292,A
USGS,4172000,2011-11-22,285,A
USGS,4172000,2011-11-23,324,A
USGS,4172000,2011-11-24,337,A
USGS,4172000,2011-11-25,332,A
USGS,4172000,2011-11-26,323,A
USGS,4172000,2011-11-27,322,A
USGS,4172000,2011-11-28,331,A
USGS,4172000,2011-11-29,384,A
USGS,4172000,2011-11-30,467,A
USGS,4172000,2011-12-01,560,A
USGS,4172000,2011-12-02,641,A
USGS,4172000,2011-12-03,683,A
USGS,4172000,2011-12-04,699,A
USGS,4172000,2011-12-05,696,A
USGS,4172000,2011-12-06,680,A
USGS,4172000,2011-12-07,655,A
USGS,4172000,2011-12-08,638,A
USGS,4172000,2011-12-09,633,A
USGS,4172000,2011-12-10,602,A
USGS,4172000,2011-12-11,559,A
USGS,4172000,2011-12-12,521,A
USGS,4172000,2011-12-13,485,A
USGS,4172000,2011-12-14,465,A
USGS,4172000,2011-12-15,475,A
USGS,4172000,2011-12-16,494,A
USGS,4172000,2011-12-17,528,A
USGS,4172000,2011-12-18,540,A
USGS,4172000,2011-12-19,532,A
USGS,4172000,2011-12-20,514,A
USGS,4172000,2011-12-21,496,A
USGS,4172000,2011-12-22,481,A
USGS,4172000,2011-12-23,469,A
USGS,4172000,2011-12-24,464,A
USGS,4172000,2011-12-25,454,A
USGS,4172000,2011-12-26,438,A
USGS,4172000,2011-12-27,424,A
USGS,4172000,2011-12-28,414,A
USGS,4172000,2011-12-29,403,A
USGS,4172000,2011-12-30,396,A
USGS,4172000,2011-12-31,399,A
USGS,4172000,2012-01-01,401,A
USGS,4172000,2012-01-02,406,A
USGS,4172000,2012-01-03,403,A
USGS,4172000,2012-01-04,401,A:e
USGS,4172000,2012-01-05,389,A
USGS,4172000,2012-01-06,376,A
USGS,4172000,2012-01-07,364,A
USGS,4172000,2012-01-08,354,A
USGS,4172000,2012-01-09,343,A
USGS,4172000,2012-01-10,333,A
USGS,4172000,2012-01-11,324,A
USGS,4172000,2012-01-12,322,A
USGS,4172000,2012-01-13,326,A
USGS,4172000,2012-01-14,327,A
USGS,4172000,2012-01-15,324,A
USGS,4172000,2012-01-16,318,A
USGS,4172000,2012-01-17,334,A
USGS,4172000,2012-01-18,363,A
USGS,4172000,2012-01-19,386,A
USGS,4172000,2012-01-20,408,A
USGS,4172000,2012-01-21,414,A:e
USGS,4172000,2012-01-22,416,A:e
USGS,4172000,2012-01-23,413,A
USGS,4172000,2012-01-24,413,A
USGS,4172000,2012-01-25,418,A
USGS,4172000,2012-01-26,429,A
USGS,4172000,2012-01-27,447,A
USGS,4172000,2012-01-28,456,A
USGS,4172000,2012-01-29,456,A
USGS,4172000,2012-01-30,448,A
USGS,4172000,2012-01-31,441,A
USGS,4172000,2012-02-01,437,A
USGS,4172000,2012-02-02,432,A
USGS,4172000,2012-02-03,431,A
USGS,4172000,2012-02-04,430,A
USGS,4172000,2012-02-05,426,A
USGS,4172000,2012-02-06,417,A
USGS,4172000,2012-02-07,407,A
USGS,4172000,2012-02-08,394,A
USGS,4172000,2012-02-09,380,A
USGS,4172000,2012-02-10,363,A
USGS,4172000,2012-02-11,349,A
USGS,4172000,2012-02-12,337,A
USGS,4172000,2012-02-13,327,A
USGS,4172000,2012-02-14,320,A
USGS,4172000,2012-02-15,314,A
USGS,4172000,2012-02-16,323,A
USGS,4172000,2012-02-17,339,A
USGS,4172000,2012-02-18,355,A
USGS,4172000,2012-02-19,370,A
USGS,4172000,2012-02-20,378,A
USGS,4172000,2012-02-21,376,A
USGS,4172000,2012-02-22,371,A
USGS,4172000,2012-02-23,365,A
USGS,4172000,2012-02-24,368,A
USGS,4172000,2012-02-25,371,A
USGS,4172000,2012-02-26,369,A
USGS,4172000,2012-02-27,367,A
USGS,4172000,2012-02-28,360,A
USGS,4172000,2012-02-29,372,A
USGS,4172000,2012-03-01,399,A
USGS,4172000,2012-03-02,433,A
USGS,4172000,2012-03-03,481,A
USGS,4172000,2012-03-04,511,A
USGS,4172000,2012-03-05,530,A
USGS,4172000,2012-03-06,530,A
USGS,4172000,2012-03-07,517,A
USGS,4172000,2012-03-08,505,A
USGS,4172000,2012-03-09,490,A
USGS,4172000,2012-03-10,475,A
USGS,4172000,2012-03-11,460,A
USGS,4172000,2012-03-12,449,A
USGS,4172000,2012-03-13,459,A
USGS,4172000,2012-03-14,470,A
USGS,4172000,2012-03-15,496,A
USGS,4172000,2012-03-16,523,A
USGS,4172000,2012-03-17,526,A
USGS,4172000,2012-03-18,513,A
USGS,4172000,2012-03-19,489,A
USGS,4172000,2012-03-20,461,A
USGS,4172000,2012-03-21,430,A
USGS,4172000,2012-03-22,407,A
USGS,4172000,2012-03-23,420,A
USGS,4172000,2012-03-24,412,A
USGS,4172000,2012-03-25,397,A
USGS,4172000,2012-03-26,376,A
USGS,4172000,2012-03-27,351,A
USGS,4172000,2012-03-28,326,A
USGS,4172000,2012-03-29,300,A
USGS,4172000,2012-03-30,289,A
USGS,4172000,2012-03-31,302,A
USGS,4172000,2012-04-01,312,A
USGS,4172000,2012-04-02,317,A
USGS,4172000,2012-04-03,315,A
USGS,4172000,2012-04-04,302,A
USGS,4172000,2012-04-05,284,A
USGS,4172000,2012-04-06,248,A
USGS,4172000,2012-04-07,219,A
USGS,4172000,2012-04-08,212,A
USGS,4172000,2012-04-09,207,A
USGS,4172000,2012-04-10,188,A
USGS,4172000,2012-04-11,178,A
USGS,4172000,2012-04-12,170,A
USGS,4172000,2012-04-13,166,A
USGS,4172000,2012-04-14,161,A
USGS,4172000,2012-04-15,195,A
USGS,4172000,2012-04-16,234,A
USGS,4172000,2012-04-17,253,A
USGS,4172000,2012-04-18,247,A
USGS,4172000,2012-04-19,244,A
USGS,4172000,2012-04-20,254,A
USGS,4172000,2012-04-21,250,A
USGS,4172000,2012-04-22,241,A
USGS,4172000,2012-04-23,240,A
USGS,4172000,2012-04-24,208,A
USGS,4172000,2012-04-25,184,A
USGS,4172000,2012-04-26,185,A
USGS,4172000,2012-04-27,191,A
USGS,4172000,2012-04-28,193,A
USGS,4172000,2012-04-29,192,A
USGS,4172000,2012-04-30,195,A
USGS,4172000,2012-05-01,207,A
USGS,4172000,2012-05-02,192,A
USGS,4172000,2012-05-03,186,A
USGS,4172000,2012-05-04,211,A
USGS,4172000,2012-05-05,229,A
USGS,4172000,2012-05-06,242,A
USGS,4172000,2012-05-07,270,A
USGS,4172000,2012-05-08,296,A
USGS,4172000,2012-05-09,313,A
USGS,4172000,2012-05-10,322,A
USGS,4172000,2012-05-11,318,A
USGS,4172000,2012-05-12,312,A
USGS,4172000,2012-05-13,307,A
USGS,4172000,2012-05-14,304,A
USGS,4172000,2012-05-15,296,A
USGS,4172000,2012-05-16,283,A
USGS,4172000,2012-05-17,265,A
USGS,4172000,2012-05-18,243,A
USGS,4172000,2012-05-19,220,A
USGS,4172000,2012-05-20,199,A
USGS,4172000,2012-05-21,186,A
USGS,4172000,2012-05-22,178,A
USGS,4172000,2012-05-23,172,A
USGS,4172000,2012-05-24,166,A
USGS,4172000,2012-05-25,160,A
USGS,4172000,2012-05-26,154,A
USGS,4172000,2012-05-27,152,A
USGS,4172000,2012-05-28,149,A
USGS,4172000,2012-05-29,144,A
USGS,4172000,2012-05-30,137,A
USGS,4172000,2012-05-31,131,A
USGS,4172000,2012-06-01,135,A
USGS,4172000,2012-06-02,138,A
USGS,4172000,2012-06-03,134,A
USGS,4172000,2012-06-04,130,A
USGS,4172000,2012-06-05,128,A
USGS,4172000,2012-06-06,124,A
USGS,4172000,2012-06-07,120,A
USGS,4172000,2012-06-08,114,A
USGS,4172000,2012-06-09,108,A
USGS,4172000,2012-06-10,101,A
USGS,4172000,2012-06-11,96.4,A
USGS,4172000,2012-06-12,97.3,A
USGS,4172000,2012-06-13,94.3,A
USGS,4172000,2012-06-14,90.0,A
USGS,4172000,2012-06-15,85.8,A
USGS,4172000,2012-06-16,82.0,A
USGS,4172000,2012-06-17,82.7,A
USGS,4172000,2012-06-18,90.5,A
USGS,4172000,2012-06-19,101,A
USGS,4172000,2012-06-20,106,A
USGS,4172000,2012-06-21,106,A
USGS,4172000,2012-06-22,105,A
USGS,4172000,2012-06-23,104,A
USGS,4172000,2012-06-24,99.8,A
USGS,4172000,2012-06-25,94.6,A
USGS,4172000,2012-06-26,87.9,A
USGS,4172000,2012-06-27,81.2,A
USGS,4172000,2012-06-28,76.7,A
USGS,4172000,2012-06-29,73.8,A
USGS,4172000,2012-06-30,72.1,A
USGS,4172000,2012-07-01,69.5,A
USGS,4172000,2012-07-02,66.8,A
USGS,4172000,2012-07-03,67.2,A
USGS,4172000,2012-07-04,71.9,A
USGS,4172000,2012-07-05,80.9,A
USGS,4172000,2012-07-06,87.2,A
USGS,4172000,2012-07-07,89.8,A
USGS,4172000,2012-07-08,87.0,A
USGS,4172000,2012-07-09,82.0,A
USGS,4172000,2012-07-10,77.8,A
USGS,4172000,2012-07-11,73.1,A
USGS,4172000,2012-07-12,69.8,A
USGS,4172000,2012-07-13,65.9,A
USGS,4172000,2012-07-14,61.0,A
USGS,4172000,2012-07-15,57.2,A
USGS,4172000,2012-07-16,53.1,A
USGS,4172000,2012-07-17,49.7,A
USGS,4172000,2012-07-18,48.7,A
USGS,4172000,2012-07-19,51.3,A
USGS,4172000,2012-07-20,55.3,A
USGS,4172000,2012-07-21,57.5,A
USGS,4172000,2012-07-22,56.1,A
USGS,4172000,2012-07-23,53.1,A
USGS,4172000,2012-07-24,51.0,A
USGS,4172000,2012-07-25,47.5,A
USGS,4172000,2012-07-26,48.7,A
USGS,4172000,2012-07-27,58.2,A
USGS,4172000,2012-07-28,78.0,A
USGS,4172000,2012-07-29,98.9,A
USGS,4172000,2012-07-30,105,A
USGS,4172000,2012-07-31,103,A
USGS,4172000,2012-08-01,97.0,A
USGS,4172000,2012-08-02,91.1,A
USGS,4172000,2012-08-03,85.7,A
USGS,4172000,2012-08-04,79.9,A
USGS,4172000,2012-08-05,75.4,A
USGS,4172000,2012-08-06,69.6,A
USGS,4172000,2012-08-07,63.9,A
USGS,4172000,2012-08-08,59.8,A
USGS,4172000,2012-08-09,63.7,A
USGS,4172000,2012-08-10,98.3,A
USGS,4172000,2012-08-11,172,A
USGS,4172000,2012-08-12,226,A
USGS,4172000,2012-08-13,253,A
USGS,4172000,2012-08-14,260,A
USGS,4172000,2012-08-15,249,A
USGS,4172000,2012-08-16,230,A
USGS,4172000,2012-08-17,206,A
USGS,4172000,2012-08-18,184,A
USGS,4172000,2012-08-19,166,A
USGS,4172000,2012-08-20,151,A
USGS,4172000,2012-08-21,140,A
USGS,4172000,2012-08-22,132,A
USGS,4172000,2012-08-23,125,A
USGS,4172000,2012-08-24,120,A
USGS,4172000,2012-08-25,116,A
USGS,4172000,2012-08-26,110,A
USGS,4172000,2012-08-27,107,A
USGS,4172000,2012-08-28,104,A
USGS,4172000,2012-08-29,102,A
USGS,4172000,2012-08-30,99.4,A
USGS,4172000,2012-08-31,97.3,A
USGS,4172000,2012-09-01,93.5,A
USGS,4172000,2012-09-02,87.6,A
USGS,4172000,2012-09-03,84.9,A
USGS,4172000,2012-09-04,80.3,A
USGS,4172000,2012-09-05,78.3,A
USGS,4172000,2012-09-06,81.2,A
USGS,4172000,2012-09-07,81.3,A
USGS,4172000,2012-09-08,91.0,A
USGS,4172000,2012-09-09,97.4,A
USGS,4172000,2012-09-10,98.7,A
USGS,4172000,2012-09-11,95.3,A
USGS,4172000,2012-09-12,90.6,A
USGS,4172000,2012-09-13,86.3,A
USGS,4172000,2012-09-14,89.1,A
USGS,4172000,2012-09-15,92.8,A
USGS,4172000,2012-09-16,93.6,A
USGS,4172000,2012-09-17,91.5,A
USGS,4172000,2012-09-18,89.1,A
USGS,4172000,2012-09-19,85.1,A
USGS,4172000,2012-09-20,81.0,A
USGS,4172000,2012-09-21,78.5,A
USGS,4172000,2012-09-22,80.2,A
USGS,4172000,2012-09-23,82.9,A
USGS,4172000,2012-09-24,83.4,A
USGS,4172000,2012-09-25,81.5,A
USGS,4172000,2012-09-26,81.5,A
USGS,4172000,2012-09-27,81.6,A
USGS,4172000,2012-09-28,81.4,A
USGS,4172000,2012-09-29,80.9,A
USGS,4172000,2012-09-30,79.9,A
USGS,4172000,2012-10-01,78.9,A
USGS,4172000,2012-10-02,78.7,A
USGS,4172000,2012-10-03,79.5,A
USGS,4172000,2012-10-04,79.8,A
USGS,4172000,2012-10-05,80.0,A
USGS,4172000,2012-10-06,81.0,A
USGS,4172000,2012-10-07,82.1,A
USGS,4172000,2012-10-08,82.0,A
USGS,4172000,2012-10-09,80.9,A
USGS,4172000,2012-10-10,80.7,A
USGS,4172000,2012-10-11,79.8,A
USGS,4172000,2012-10-12,79.6,A
USGS,4172000,2012-10-13,82.4,A
USGS,4172000,2012-10-14,96.8,A
USGS,4172000,2012-10-15,111,A
USGS,4172000,2012-10-16,119,A
USGS,4172000,2012-10-17,125,A
USGS,4172000,2012-10-18,137,A
USGS,4172000,2012-10-19,150,A
USGS,4172000,2012-10-20,160,A
USGS,4172000,2012-10-21,160,A
USGS,4172000,2012-10-22,155,A
USGS,4172000,2012-10-23,159,A
USGS,4172000,2012-10-24,166,A
USGS,4172000,2012-10-25,169,A
USGS,4172000,2012-10-26,166,A
USGS,4172000,2012-10-27,159,A
USGS,4172000,2012-10-28,154,A
USGS,4172000,2012-10-29,150,A
USGS,4172000,2012-10-30,147,A
USGS,4172000,2012-10-31,146,A
USGS,4172000,2012-11-01,146,A
USGS,4172000,2012-11-02,143,A
USGS,4172000,2012-11-03,151,A
USGS,4172000,2012-11-04,161,A
USGS,4172000,2012-11-05,157,A
USGS,4172000,2012-11-06,151,A
USGS,4172000,2012-11-07,157,A
USGS,4172000,2012-11-08,173,A
USGS,4172000,2012-11-09,171,A
USGS,4172000,2012-11-10,175,A
USGS,4172000,2012-11-11,192,A
USGS,4172000,2012-11-12,190,A
USGS,4172000,2012-11-13,184,A
USGS,4172000,2012-11-14,179,A
USGS,4172000,2012-11-15,174,A
USGS,4172000,2012-11-16,166,A
USGS,4172000,2012-11-17,160,A
USGS,4172000,2012-11-18,154,A
USGS,4172000,2012-11-19,165,A
USGS,4172000,2012-11-20,189,A
USGS,4172000,2012-11-21,183,A
USGS,4172000,2012-11-22,180,A
USGS,4172000,2012-11-23,192,A
USGS,4172000,2012-11-24,180,A
USGS,4172000,2012-11-25,179,A
USGS,4172000,2012-11-26,186,A
USGS,4172000,2012-11-27,171,A
USGS,4172000,2012-11-28,175,A
USGS,4172000,2012-11-29,179,A
USGS,4172000,2012-11-30,165,A
USGS,4172000,2012-12-01,154,A
USGS,4172000,2012-12-02,164,A
USGS,4172000,2012-12-03,180,A
USGS,4172000,2012-12-04,181,A
USGS,4172000,2012-12-05,177,A
USGS,4172000,2012-12-06,174,A
USGS,4172000,2012-12-07,180,A
USGS,4172000,2012-12-08,196,A
USGS,4172000,2012-12-09,195,A
USGS,4172000,2012-12-10,188,A
USGS,4172000,2012-12-11,177,A
USGS,4172000,2012-12-12,180,A
USGS,4172000,2012-12-13,184,A
USGS,4172000,2012-12-14,176,A
USGS,4172000,2012-12-15,173,A
USGS,4172000,2012-12-16,176,A
USGS,4172000,2012-12-17,169,A
USGS,4172000,2012-12-18,161,A
USGS,4172000,2012-12-19,155,A
USGS,4172000,2012-12-20,154,A
USGS,4172000,2012-12-21,181,A
USGS,4172000,2012-12-22,197,A
USGS,4172000,2012-12-23,205,A
USGS,4172000,2012-12-24,205,A
USGS,4172000,2012-12-25,200,A
USGS,4172000,2012-12-26,195,A
USGS,4172000,2012-12-27,192,A
USGS,4172000,2012-12-28,189,A
USGS,4172000,2012-12-29,184,A
USGS,4172000,2012-12-30,178,A
USGS,4172000,2012-12-31,175,A
USGS,4172000,2013-01-01,170,A
USGS,4172000,2013-01-02,164,A:e
USGS,4172000,2013-01-03,160,A:e
USGS,4172000,2013-01-04,157,A:e
USGS,4172000,2013-01-05,154,A
USGS,4172000,2013-01-06,153,A
USGS,4172000,2013-01-07,150,A
USGS,4172000,2013-01-08,148,A
USGS,4172000,2013-01-09,147,A
USGS,4172000,2013-01-10,145,A
USGS,4172000,2013-01-11,167,A
USGS,4172000,2013-01-12,205,A
USGS,4172000,2013-01-13,253,A
USGS,4172000,2013-01-14,297,A
USGS,4172000,2013-01-15,323,A
USGS,4172000,2013-01-16,333,A
USGS,4172000,2013-01-17,326,A
USGS,4172000,2013-01-18,303,A
USGS,4172000,2013-01-19,279,A
USGS,4172000,2013-01-20,258,A
USGS,4172000,2013-01-21,236,A
USGS,4172000,2013-01-22,220,A:e
USGS,4172000,2013-01-23,214,A:e
USGS,4172000,2013-01-24,208,A:e
USGS,4172000,2013-01-25,204,A:e
USGS,4172000,2013-01-26,202,A:e
USGS,4172000,2013-01-27,201,A
USGS,4172000,2013-01-28,202,A
USGS,4172000,2013-01-29,207,A
USGS,4172000,2013-01-30,280,A
USGS,4172000,2013-01-31,368,A
USGS,4172000,2013-02-01,434,A:e
USGS,4172000,2013-02-02,473,A:e
USGS,4172000,2013-02-03,461,A:e
USGS,4172000,2013-02-04,443,A:e
USGS,4172000,2013-02-05,423,A:e
USGS,4172000,2013-02-06,399,A:e
USGS,4172000,2013-02-07,373,A:e
USGS,4172000,2013-02-08,349,A:e
USGS,4172000,2013-02-09,332,A
USGS,4172000,2013-02-10,322,A
USGS,4172000,2013-02-11,304,A
USGS,4172000,2013-02-12,297,A
USGS,4172000,2013-02-13,291,A
USGS,4172000,2013-02-14,287,A
USGS,4172000,2013-02-15,281,A
USGS,4172000,2013-02-16,273,A
USGS,4172000,2013-02-17,266,A
USGS,4172000,2013-02-18,254,A
USGS,4172000,2013-02-19,250,A
USGS,4172000,2013-02-20,249,A
USGS,4172000,2013-02-21,245,A
USGS,4172000,2013-02-22,239,A
USGS,4172000,2013-02-23,235,A
USGS,4172000,2013-02-24,230,A
USGS,4172000,2013-02-25,224,A
USGS,4172000,2013-02-26,223,A
USGS,4172000,2013-02-27,236,A
USGS,4172000,2013-02-28,251,A
USGS,4172000,2013-03-01,261,A
USGS,4172000,2013-03-02,265,A
USGS,4172000,2013-03-03,263,A
USGS,4172000,2013-03-04,256,A
USGS,4172000,2013-03-05,249,A
USGS,4172000,2013-03-06,242,A
USGS,4172000,2013-03-07,235,A
USGS,4172000,2013-03-08,231,A
USGS,4172000,2013-03-09,230,A
USGS,4172000,2013-03-10,236,A
USGS,4172000,2013-03-11,264,A
USGS,4172000,2013-03-12,310,A
USGS,4172000,2013-03-13,341,A
USGS,4172000,2013-03-14,363,A
USGS,4172000,2013-03-15,374,A
USGS,4172000,2013-03-16,375,A
USGS,4172000,2013-03-17,368,A
USGS,4172000,2013-03-18,356,A
USGS,4172000,2013-03-19,344,A
USGS,4172000,2013-03-20,328,A
USGS,4172000,2013-03-21,311,A
USGS,4172000,2013-03-22,296,A
USGS,4172000,2013-03-23,283,A
USGS,4172000,2013-03-24,272,A
USGS,4172000,2013-03-25,263,A
USGS,4172000,2013-03-26,253,A
USGS,4172000,2013-03-27,246,A
USGS,4172000,2013-03-28,241,A
USGS,4172000,2013-03-29,239,A
USGS,4172000,2013-03-30,238,A
USGS,4172000,2013-03-31,238,A
USGS,4172000,2013-04-01,236,A
USGS,4172000,2013-04-02,230,A
USGS,4172000,2013-04-03,212,A
USGS,4172000,2013-04-04,200,A
USGS,4172000,2013-04-05,199,A
USGS,4172000,2013-04-06,196,A
USGS,4172000,2013-04-07,194,A
USGS,4172000,2013-04-08,192,A
USGS,4172000,2013-04-09,183,A
USGS,4172000,2013-04-10,188,A
USGS,4172000,2013-04-11,241,A
USGS,4172000,2013-04-12,297,A
USGS,4172000,2013-04-13,331,A
USGS,4172000,2013-04-14,351,A
USGS,4172000,2013-04-15,378,A
USGS,4172000,2013-04-16,416,A
USGS,4172000,2013-04-17,442,A
USGS,4172000,2013-04-18,488,A
USGS,4172000,2013-04-19,530,A
USGS,4172000,2013-04-20,549,A
USGS,4172000,2013-04-21,616,A
USGS,4172000,2013-04-22,686,A
USGS,4172000,2013-04-23,710,A
USGS,4172000,2013-04-24,721,A
USGS,4172000,2013-04-25,710,A
USGS,4172000,2013-04-26,691,A
USGS,4172000,2013-04-27,669,A
USGS,4172000,2013-04-28,649,A
USGS,4172000,2013-04-29,629,A
USGS,4172000,2013-04-30,600,A
USGS,4172000,2013-05-01,567,A
USGS,4172000,2013-05-02,536,A
USGS,4172000,2013-05-03,505,A
USGS,4172000,2013-05-04,471,A
USGS,4172000,2013-05-05,435,A
USGS,4172000,2013-05-06,402,A
USGS,4172000,2013-05-07,371,A
USGS,4172000,2013-05-08,343,A
USGS,4172000,2013-05-09,319,A
USGS,4172000,2013-05-10,300,A
USGS,4172000,2013-05-11,282,A
USGS,4172000,2013-05-12,263,A
USGS,4172000,2013-05-13,244,A
USGS,4172000,2013-05-14,230,A
USGS,4172000,2013-05-15,221,A
USGS,4172000,2013-05-16,215,A
USGS,4172000,2013-05-17,206,A
USGS,4172000,2013-05-18,195,A
USGS,4172000,2013-05-19,183,A
USGS,4172000,2013-05-20,173,A
USGS,4172000,2013-05-21,166,A
USGS,4172000,2013-05-22,161,A
USGS,4172000,2013-05-23,159,A
USGS,4172000,2013-05-24,159,A
USGS,4172000,2013-05-25,157,A
USGS,4172000,2013-05-26,152,A
USGS,4172000,2013-05-27,147,A
USGS,4172000,2013-05-28,156,A
USGS,4172000,2013-05-29,181,A
USGS,4172000,2013-05-30,207,A
USGS,4172000,2013-05-31,221,A
USGS,4172000,2013-06-01,224,A
USGS,4172000,2013-06-02,239,A
USGS,4172000,2013-06-03,254,A
USGS,4172000,2013-06-04,261,A
USGS,4172000,2013-06-05,257,A
USGS,4172000,2013-06-06,243,A
USGS,4172000,2013-06-07,225,A
USGS,4172000,2013-06-08,207,A
USGS,4172000,2013-06-09,192,A
USGS,4172000,2013-06-10,201,A
USGS,4172000,2013-06-11,237,A
USGS,4172000,2013-06-12,266,A
USGS,4172000,2013-06-13,334,A
USGS,4172000,2013-06-14,381,A
USGS,4172000,2013-06-15,419,A
USGS,4172000,2013-06-16,461,A
USGS,4172000,2013-06-17,477,A
USGS,4172000,2013-06-18,474,A
USGS,4172000,2013-06-19,452,A
USGS,4172000,2013-06-20,423,A
USGS,4172000,2013-06-21,389,A
USGS,4172000,2013-06-22,355,A
USGS,4172000,2013-06-23,319,A
USGS,4172000,2013-06-24,286,A
USGS,4172000,2013-06-25,268,A
USGS,4172000,2013-06-26,260,A
USGS,4172000,2013-06-27,268,A
USGS,4172000,2013-06-28,326,A
USGS,4172000,2013-06-29,364,A
USGS,4172000,2013-06-30,395,A
USGS,4172000,2013-07-01,422,A
USGS,4172000,2013-07-02,440,A
USGS,4172000,2013-07-03,439,A
USGS,4172000,2013-07-04,424,A
USGS,4172000,2013-07-05,401,A
USGS,4172000,2013-07-06,377,A
USGS,4172000,2013-07-07,364,A
USGS,4172000,2013-07-08,347,A
USGS,4172000,2013-07-09,330,A
USGS,4172000,2013-07-10,320,A
USGS,4172000,2013-07-11,310,A
USGS,4172000,2013-07-12,297,A
USGS,4172000,2013-07-13,282,A
USGS,4172000,2013-07-14,267,A
USGS,4172000,2013-07-15,254,A
USGS,4172000,2013-07-16,249,A
USGS,4172000,2013-07-17,260,A
USGS,4172000,2013-07-18,282,A
USGS,4172000,2013-07-19,282,A
USGS,4172000,2013-07-20,269,A
USGS,4172000,2013-07-21,247,A
USGS,4172000,2013-07-22,232,A
USGS,4172000,2013-07-23,219,A
USGS,4172000,2013-07-24,213,A
USGS,4172000,2013-07-25,215,A
USGS,4172000,2013-07-26,213,A
USGS,4172000,2013-07-27,208,A
USGS,4172000,2013-07-28,205,A
USGS,4172000,2013-07-29,208,A
USGS,4172000,2013-07-30,219,A
USGS,4172000,2013-07-31,231,A
USGS,4172000,2013-08-01,244,A
USGS,4172000,2013-08-02,256,A
USGS,4172000,2013-08-03,262,A
USGS,4172000,2013-08-04,255,A
USGS,4172000,2013-08-05,242,A
USGS,4172000,2013-08-06,229,A
USGS,4172000,2013-08-07,220,A
USGS,4172000,2013-08-08,214,A
USGS,4172000,2013-08-09,206,A
USGS,4172000,2013-08-10,196,A
USGS,4172000,2013-08-11,184,A
USGS,4172000,2013-08-12,181,A
USGS,4172000,2013-08-13,200,A
USGS,4172000,2013-08-14,209,A
USGS,4172000,2013-08-15,213,A
USGS,4172000,2013-08-16,208,A
USGS,4172000,2013-08-17,189,A
USGS,4172000,2013-08-18,173,A
USGS,4172000,2013-08-19,158,A
USGS,4172000,2013-08-20,145,A
USGS,4172000,2013-08-21,134,A
USGS,4172000,2013-08-22,128,A
USGS,4172000,2013-08-23,122,A
USGS,4172000,2013-08-24,117,A
USGS,4172000,2013-08-25,110,A
USGS,4172000,2013-08-26,102,A
USGS,4172000,2013-08-27,100,A
USGS,4172000,2013-08-28,149,A
USGS,4172000,2013-08-29,225,A
USGS,4172000,2013-08-30,275,A
USGS,4172000,2013-08-31,287,A
USGS,4172000,2013-09-01,278,A
USGS,4172000,2013-09-02,265,A
USGS,4172000,2013-09-03,248,A
USGS,4172000,2013-09-04,230,A
USGS,4172000,2013-09-05,214,A
USGS,4172000,2013-09-06,199,A
USGS,4172000,2013-09-07,186,A
USGS,4172000,2013-09-08,177,A
USGS,4172000,2013-09-09,171,A
USGS,4172000,2013-09-10,166,A
USGS,4172000,2013-09-11,162,A
USGS,4172000,2013-09-12,168,A
USGS,4172000,2013-09-13,182,A
USGS,4172000,2013-09-14,195,A
USGS,4172000,2013-09-15,196,A
USGS,4172000,2013-09-16,193,A
USGS,4172000,2013-09-17,187,A
USGS,4172000,2013-09-18,180,A
USGS,4172000,2013-09-19,173,A
USGS,4172000,2013-09-20,169,A
USGS,4172000,2013-09-21,170,A
USGS,4172000,2013-09-22,169,A
USGS,4172000,2013-09-23,165,A
USGS,4172000,2013-09-24,160,A
USGS,4172000,2013-09-25,156,A
USGS,4172000,2013-09-26,151,A
USGS,4172000,2013-09-27,146,A
USGS,4172000,2013-09-28,143,A
USGS,4172000,2013-09-29,140,A
USGS,4172000,2013-09-30,142,A
USGS,4172000,2013-10-01,143,A
USGS,4172000,2013-10-02,142,A
USGS,4172000,2013-10-03,141,A
USGS,4172000,2013-10-04,140,A
USGS,4172000,2013-10-05,150,A
USGS,4172000,2013-10-06,159,A
USGS,4172000,2013-10-07,167,A
USGS,4172000,2013-10-08,170,A
USGS,4172000,2013-10-09,170,A
USGS,4172000,2013-10-10,167,A
USGS,4172000,2013-10-11,163,A
USGS,4172000,2013-10-12,159,A
USGS,4172000,2013-10-13,153,A
USGS,4172000,2013-10-14,147,A
USGS,4172000,2013-10-15,141,A
USGS,4172000,2013-10-16,138,A
USGS,4172000,2013-10-17,138,A
USGS,4172000,2013-10-18,142,A
USGS,4172000,2013-10-19,147,A
USGS,4172000,2013-10-20,153,A
USGS,4172000,2013-10-21,155,A
USGS,4172000,2013-10-22,153,A
USGS,4172000,2013-10-23,150,A
USGS,4172000,2013-10-24,146,A
USGS,4172000,2013-10-25,142,A
USGS,4172000,2013-10-26,139,A
USGS,4172000,2013-10-27,139,A
USGS,4172000,2013-10-28,140,A
USGS,4172000,2013-10-29,139,A
USGS,4172000,2013-10-30,139,A
USGS,4172000,2013-10-31,161,A
USGS,4172000,2013-11-01,207,A
USGS,4172000,2013-11-02,248,A
USGS,4172000,2013-11-03,280,A
USGS,4172000,2013-11-04,297,A
USGS,4172000,2013-11-05,297,A
USGS,4172000,2013-11-06,287,A
USGS,4172000,2013-11-07,274,A
USGS,4172000,2013-11-08,261,A
USGS,4172000,2013-11-09,251,A
USGS,4172000,2013-11-10,239,A
USGS,4172000,2013-11-11,228,A
USGS,4172000,2013-11-12,222,A
USGS,4172000,2013-11-13,216,A
USGS,4172000,2013-11-14,208,A
USGS,4172000,2013-11-15,211,A
USGS,4172000,2013-11-16,228,A
USGS,4172000,2013-11-17,231,A
USGS,4172000,2013-11-18,227,A
USGS,4172000,2013-11-19,219,A
USGS,4172000,2013-11-20,224,A
USGS,4172000,2013-11-21,245,A
USGS,4172000,2013-11-22,256,A
USGS,4172000,2013-11-23,257,A
USGS,4172000,2013-11-24,265,A
USGS,4172000,2013-11-25,255,A
USGS,4172000,2013-11-26,235,A
USGS,4172000,2013-11-27,232,A
USGS,4172000,2013-11-28,243,A
USGS,4172000,2013-11-29,234,A
USGS,4172000,2013-11-30,227,A
USGS,4172000,2013-12-01,238,A
USGS,4172000,2013-12-02,227,A
USGS,4172000,2013-12-03,219,A
USGS,4172000,2013-12-04,223,A
USGS,4172000,2013-12-05,213,A
USGS,4172000,2013-12-06,216,A
USGS,4172000,2013-12-07,231,A
USGS,4172000,2013-12-08,225,A:e
USGS,4172000,2013-12-09,217,A:e
USGS,4172000,2013-12-10,215,A:e
USGS,4172000,2013-12-11,219,A:e
USGS,4172000,2013-12-12,215,A:e
USGS,4172000,2013-12-13,215,A:e
USGS,4172000,2013-12-14,212,A:e
USGS,4172000,2013-12-15,189,A:e
USGS,4172000,2013-12-16,173,A:e
USGS,4172000,2013-12-17,168,A:e
USGS,4172000,2013-12-18,166,A:e
USGS,4172000,2013-12-19,157,A:e
USGS,4172000,2013-12-20,162,A:e
USGS,4172000,2013-12-21,181,A:e
USGS,4172000,2013-12-22,230,A:e
USGS,4172000,2013-12-23,283,A
USGS,4172000,2013-12-24,318,A
USGS,4172000,2013-12-25,301,A:e
USGS,4172000,2013-12-26,295,A:e
USGS,4172000,2013-12-27,271,A:e
USGS,4172000,2013-12-28,257,A:e
USGS,4172000,2013-12-29,248,A:e
USGS,4172000,2013-12-30,242,A:e
USGS,4172000,2013-12-31,236,A:e
USGS,4172000,2014-01-01,232,A:e
USGS,4172000,2014-01-02,229,A:e
USGS,4172000,2014-01-03,223,A:e
USGS,4172000,2014-01-04,217,A:e
USGS,4172000,2014-01-05,228,A:e
USGS,4172000,2014-01-06,242,A:e
USGS,4172000,2014-01-07,230,A:e
USGS,4172000,2014-01-08,222,A:e
USGS,4172000,2014-01-09,221,A:e
USGS,4172000,2014-01-10,220,A:e
USGS,4172000,2014-01-11,248,A:e
USGS,4172000,2014-01-12,272,A:e
USGS,4172000,2014-01-13,291,A:e
USGS,4172000,2014-01-14,296,A:e
USGS,4172000,2014-01-15,294,A:e
USGS,4172000,2014-01-16,293,A:e
USGS,4172000,2014-01-17,293,A:e
USGS,4172000,2014-01-18,287,A:e
USGS,4172000,2014-01-19,279,A:e
USGS,4172000,2014-01-20,271,A:e
USGS,4172000,2014-01-21,262,A:e
USGS,4172000,2014-01-22,253,A:e
USGS,4172000,2014-01-23,248,A:e
USGS,4172000,2014-01-24,241,A:e
USGS,4172000,2014-01-25,241,A:e
USGS,4172000,2014-01-26,240,A:e
USGS,4172000,2014-01-27,240,A:e
USGS,4172000,2014-01-28,229,A:e
USGS,4172000,2014-01-29,223,A:e
USGS,4172000,2014-01-30,214,A:e
USGS,4172000,2014-01-31,215,A:e
USGS,4172000,2014-02-01,220,A:e
USGS,4172000,2014-02-02,224,A:e
USGS,4172000,2014-02-03,220,A:e
USGS,4172000,2014-02-04,213,A:e
USGS,4172000,2014-02-05,218,A:e
USGS,4172000,2014-02-06,216,A:e
USGS,4172000,2014-02-07,211,A:e
USGS,4172000,2014-02-08,206,A:e
USGS,4172000,2014-02-09,203,A:e
USGS,4172000,2014-02-10,202,A:e
USGS,4172000,2014-02-11,198,A:e
USGS,4172000,2014-02-12,195,A:e
USGS,4172000,2014-02-13,195,A:e
USGS,4172000,2014-02-14,195,A:e
USGS,4172000,2014-02-15,190,A:e
USGS,4172000,2014-02-16,190,A:e
USGS,4172000,2014-02-17,189,A:e
USGS,4172000,2014-02-18,197,A:e
USGS,4172000,2014-02-19,197,A:e
USGS,4172000,2014-02-20,210,A:e
USGS,4172000,2014-02-21,238,A:e
USGS,4172000,2014-02-22,250,A:e
USGS,4172000,2014-02-23,253,A:e
USGS,4172000,2014-02-24,253,A:e
USGS,4172000,2014-02-25,252,A:e
USGS,4172000,2014-02-26,243,A:e
USGS,4172000,2014-02-27,238,A:e
USGS,4172000,2014-02-28,230,A:e
USGS,4172000,2014-03-01,223,A:e
USGS,4172000,2014-03-02,225,A:e
USGS,4172000,2014-03-03,221,A:e
USGS,4172000,2014-03-04,212,A:e
USGS,4172000,2014-03-05,204,A:e
USGS,4172000,2014-03-06,198,A:e
USGS,4172000,2014-03-07,195,A:e
USGS,4172000,2014-03-08,195,A:e
USGS,4172000,2014-03-09,195,A:e
USGS,4172000,2014-03-10,200,A:e
USGS,4172000,2014-03-11,216,A:e
USGS,4172000,2014-03-12,241,A:e
USGS,4172000,2014-03-13,268,A:e
USGS,4172000,2014-03-14,284,A:e
USGS,4172000,2014-03-15,307,A
USGS,4172000,2014-03-16,320,A
USGS,4172000,2014-03-17,333,A
USGS,4172000,2014-03-18,351,A
USGS,4172000,2014-03-19,373,A
USGS,4172000,2014-03-20,402,A
USGS,4172000,2014-03-21,435,A
USGS,4172000,2014-03-22,487,A
USGS,4172000,2014-03-23,531,A
USGS,4172000,2014-03-24,562,A
USGS,4172000,2014-03-25,569,A
USGS,4172000,2014-03-26,551,A
USGS,4172000,2014-03-27,524,A
USGS,4172000,2014-03-28,501,A
USGS,4172000,2014-03-29,486,A
USGS,4172000,2014-03-30,483,A
USGS,4172000,2014-03-31,493,A
USGS,4172000,2014-04-01,512,A
USGS,4172000,2014-04-02,535,A
USGS,4172000,2014-04-03,558,A
USGS,4172000,2014-04-04,579,A
USGS,4172000,2014-04-05,592,A
USGS,4172000,2014-04-06,589,A
USGS,4172000,2014-04-07,572,A
USGS,4172000,2014-04-08,540,A
USGS,4172000,2014-04-09,515,A
USGS,4172000,2014-04-10,483,A
USGS,4172000,2014-04-11,470,A
USGS,4172000,2014-04-12,454,A
USGS,4172000,2014-04-13,420,A
USGS,4172000,2014-04-14,401,A
USGS,4172000,2014-04-15,395,A
USGS,4172000,2014-04-16,390,A
USGS,4172000,2014-04-17,369,A
USGS,4172000,2014-04-18,337,A
USGS,4172000,2014-04-19,324,A
USGS,4172000,2014-04-20,318,A
USGS,4172000,2014-04-21,311,A
USGS,4172000,2014-04-22,305,A
USGS,4172000,2014-04-23,296,A
USGS,4172000,2014-04-24,286,A
USGS,4172000,2014-04-25,280,A
USGS,4172000,2014-04-26,276,A
USGS,4172000,2014-04-27,266,A
USGS,4172000,2014-04-28,257,A
USGS,4172000,2014-04-29,273,A
USGS,4172000,2014-04-30,289,A
USGS,4172000,2014-05-01,306,A
USGS,4172000,2014-05-02,325,A
USGS,4172000,2014-05-03,332,A
USGS,4172000,2014-05-04,339,A
USGS,4172000,2014-05-05,337,A
USGS,4172000,2014-05-06,302,A
USGS,4172000,2014-05-07,278,A
USGS,4172000,2014-05-08,280,A
USGS,4172000,2014-05-09,285,A
USGS,4172000,2014-05-10,290,A
USGS,4172000,2014-05-11,287,A
USGS,4172000,2014-05-12,316,A
USGS,4172000,2014-05-13,433,A
USGS,4172000,2014-05-14,548,A
USGS,4172000,2014-05-15,686,A
USGS,4172000,2014-05-16,810,A
USGS,4172000,2014-05-17,864,A
USGS,4172000,2014-05-18,865,A
USGS,4172000,2014-05-19,824,A
USGS,4172000,2014-05-20,759,A
USGS,4172000,2014-05-21,689,A
USGS,4172000,2014-05-22,628,A
USGS,4172000,2014-05-23,570,A
USGS,4172000,2014-05-24,514,A
USGS,4172000,2014-05-25,460,A
USGS,4172000,2014-05-26,410,A
USGS,4172000,2014-05-27,372,A
USGS,4172000,2014-05-28,354,A
USGS,4172000,2014-05-29,370,A
USGS,4172000,2014-05-30,383,A
USGS,4172000,2014-05-31,389,A
USGS,4172000,2014-06-01,388,A
USGS,4172000,2014-06-02,378,A
USGS,4172000,2014-06-03,380,A
USGS,4172000,2014-06-04,369,A
USGS,4172000,2014-06-05,366,A
USGS,4172000,2014-06-06,353,A
USGS,4172000,2014-06-07,334,A
USGS,4172000,2014-06-08,317,A
USGS,4172000,2014-06-09,298,A
USGS,4172000,2014-06-10,276,A
USGS,4172000,2014-06-11,262,A
USGS,4172000,2014-06-12,269,A
USGS,4172000,2014-06-13,267,A
USGS,4172000,2014-06-14,260,A
USGS,4172000,2014-06-15,247,A
USGS,4172000,2014-06-16,234,A
USGS,4172000,2014-06-17,221,A
USGS,4172000,2014-06-18,237,A
USGS,4172000,2014-06-19,300,A
USGS,4172000,2014-06-20,340,A
USGS,4172000,2014-06-21,373,A
USGS,4172000,2014-06-22,390,A
USGS,4172000,2014-06-23,389,A
USGS,4172000,2014-06-24,377,A
USGS,4172000,2014-06-25,363,A
USGS,4172000,2014-06-26,346,A
USGS,4172000,2014-06-27,328,A
USGS,4172000,2014-06-28,314,A
USGS,4172000,2014-06-29,313,A
USGS,4172000,2014-06-30,298,A
USGS,4172000,2014-07-01,298,A
USGS,4172000,2014-07-02,293,A
USGS,4172000,2014-07-03,283,A
USGS,4172000,2014-07-04,270,A
USGS,4172000,2014-07-05,253,A
USGS,4172000,2014-07-06,235,A
USGS,4172000,2014-07-07,220,A
USGS,4172000,2014-07-08,232,A
USGS,4172000,2014-07-09,270,A
USGS,4172000,2014-07-10,289,A
USGS,4172000,2014-07-11,301,A
USGS,4172000,2014-07-12,303,A
USGS,4172000,2014-07-13,294,A
USGS,4172000,2014-07-14,276,A
USGS,4172000,2014-07-15,259,A
USGS,4172000,2014-07-16,241,A
USGS,4172000,2014-07-17,225,A
USGS,4172000,2014-07-18,211,A
USGS,4172000,2014-07-19,199,A
USGS,4172000,2014-07-20,188,A
USGS,4172000,2014-07-21,178,A
USGS,4172000,2014-07-22,168,A
USGS,4172000,2014-07-23,158,A
USGS,4172000,2014-07-24,148,A
USGS,4172000,2014-07-25,139,A
USGS,4172000,2014-07-26,130,A
USGS,4172000,2014-07-27,124,A
USGS,4172000,2014-07-28,125,A
USGS,4172000,2014-07-29,125,A
USGS,4172000,2014-07-30,123,A
USGS,4172000,2014-07-31,121,A
USGS,4172000,2014-08-01,121,A
USGS,4172000,2014-08-02,120,A
USGS,4172000,2014-08-03,120,A
USGS,4172000,2014-08-04,116,A
USGS,4172000,2014-08-05,123,A
USGS,4172000,2014-08-06,152,A
USGS,4172000,2014-08-07,161,A
USGS,4172000,2014-08-08,166,A
USGS,4172000,2014-08-09,165,A
USGS,4172000,2014-08-10,159,A
USGS,4172000,2014-08-11,157,A
USGS,4172000,2014-08-12,165,A
USGS,4172000,2014-08-13,172,A
USGS,4172000,2014-08-14,176,A
USGS,4172000,2014-08-15,175,A
USGS,4172000,2014-08-16,171,A
USGS,4172000,2014-08-17,172,A
USGS,4172000,2014-08-18,172,A
USGS,4172000,2014-08-19,174,A
USGS,4172000,2014-08-20,184,A
USGS,4172000,2014-08-21,191,A
USGS,4172000,2014-08-22,197,A
USGS,4172000,2014-08-23,206,A
USGS,4172000,2014-08-24,212,A
USGS,4172000,2014-08-25,209,A
USGS,4172000,2014-08-26,207,A
USGS,4172000,2014-08-27,203,A
USGS,4172000,2014-08-28,197,A
USGS,4172000,2014-08-29,182,A
USGS,4172000,2014-08-30,168,A
USGS,4172000,2014-08-31,162,A
USGS,4172000,2014-09-01,168,A
USGS,4172000,2014-09-02,179,A
USGS,4172000,2014-09-03,185,A
USGS,4172000,2014-09-04,188,A
USGS,4172000,2014-09-05,187,A
USGS,4172000,2014-09-06,183,A
USGS,4172000,2014-09-07,180,A
USGS,4172000,2014-09-08,181,A
USGS,4172000,2014-09-09,181,A
USGS,4172000,2014-09-10,190,A
USGS,4172000,2014-09-11,216,A
USGS,4172000,2014-09-12,235,A
USGS,4172000,2014-09-13,260,A
USGS,4172000,2014-09-14,278,A
USGS,4172000,2014-09-15,288,A
USGS,4172000,2014-09-16,289,A
USGS,4172000,2014-09-17,282,A
USGS,4172000,2014-09-18,272,A
USGS,4172000,2014-09-19,258,A
USGS,4172000,2014-09-20,247,A
USGS,4172000,2014-09-21,254,A
USGS,4172000,2014-09-22,265,A
USGS,4172000,2014-09-23,265,A
USGS,4172000,2014-09-24,262,A
USGS,4172000,2014-09-25,254,A
USGS,4172000,2014-09-26,245,A
USGS,4172000,2014-09-27,234,A
USGS,4172000,2014-09-28,221,A
USGS,4172000,2014-09-29,208,A
USGS,4172000,2014-09-30,205,A
USGS,4172000,2014-10-01,199,A
USGS,4172000,2014-10-02,194,A
USGS,4172000,2014-10-03,194,A
USGS,4172000,2014-10-04,203,A
USGS,4172000,2014-10-05,211,A
USGS,4172000,2014-10-06,219,A
USGS,4172000,2014-10-07,224,A
USGS,4172000,2014-10-08,224,A
USGS,4172000,2014-10-09,218,A
USGS,4172000,2014-10-10,211,A
USGS,4172000,2014-10-11,203,A
USGS,4172000,2014-10-12,195,A
USGS,4172000,2014-10-13,191,A
USGS,4172000,2014-10-14,190,A
USGS,4172000,2014-10-15,195,A
USGS,4172000,2014-10-16,198,A
USGS,4172000,2014-10-17,196,A
USGS,4172000,2014-10-18,190,A
USGS,4172000,2014-10-19,186,A
USGS,4172000,2014-10-20,184,A
USGS,4172000,2014-10-21,184,A
USGS,4172000,2014-10-22,179,A
USGS,4172000,2014-10-23,174,A
USGS,4172000,2014-10-24,171,A
USGS,4172000,2014-10-25,179,A
USGS,4172000,2014-10-26,186,A
USGS,4172000,2014-10-27,181,A
USGS,4172000,2014-10-28,176,A
USGS,4172000,2014-10-29,176,A
USGS,4172000,2014-10-30,174,A
USGS,4172000,2014-10-31,177,A
USGS,4172000,2014-11-01,180,A
USGS,4172000,2014-11-02,179,A
USGS,4172000,2014-11-03,178,A
USGS,4172000,2014-11-04,187,A
USGS,4172000,2014-11-05,210,A
USGS,4172000,2014-11-06,216,A
USGS,4172000,2014-11-07,211,A
USGS,4172000,2014-11-08,215,A
USGS,4172000,2014-11-09,231,A
USGS,4172000,2014-11-10,230,A
USGS,4172000,2014-11-11,226,A
USGS,4172000,2014-11-12,235,A
USGS,4172000,2014-11-13,227,A
USGS,4172000,2014-11-14,220,A
USGS,4172000,2014-11-15,224,A
USGS,4172000,2014-11-16,213,A
USGS,4172000,2014-11-17,199,A
USGS,4172000,2014-11-18,184,A
USGS,4172000,2014-11-19,179,A
USGS,4172000,2014-11-20,194,A
USGS,4172000,2014-11-21,251,A
USGS,4172000,2014-11-22,245,A
USGS,4172000,2014-11-23,231,A
USGS,4172000,2014-11-24,252,A
USGS,4172000,2014-11-25,279,A
USGS,4172000,2014-11-26,315,A
USGS,4172000,2014-11-27,343,A
USGS,4172000,2014-11-28,350,A
USGS,4172000,2014-11-29,334,A
USGS,4172000,2014-11-30,310,A
USGS,4172000,2014-12-01,288,A
USGS,4172000,2014-12-02,277,A
USGS,4172000,2014-12-03,281,A
USGS,4172000,2014-12-04,266,A
USGS,4172000,2014-12-05,256,A
USGS,4172000,2014-12-06,264,A
USGS,4172000,2014-12-07,252,A
USGS,4172000,2014-12-08,232,A
USGS,4172000,2014-12-09,232,A
USGS,4172000,2014-12-10,239,A
USGS,4172000,2014-12-11,230,A
USGS,4172000,2014-12-12,215,A
USGS,4172000,2014-12-13,216,A
USGS,4172000,2014-12-14,223,A
USGS,4172000,2014-12-15,220,A
USGS,4172000,2014-12-16,225,A
USGS,4172000,2014-12-17,238,A
USGS,4172000,2014-12-18,245,A
USGS,4172000,2014-12-19,247,A
USGS,4172000,2014-12-20,241,A
USGS,4172000,2014-12-21,230,A
USGS,4172000,2014-12-22,220,A
USGS,4172000,2014-12-23,213,A
USGS,4172000,2014-12-24,225,A
USGS,4172000,2014-12-25,265,A
USGS,4172000,2014-12-26,294,A
USGS,4172000,2014-12-27,318,A
USGS,4172000,2014-12-28,332,A
USGS,4172000,2014-12-29,329,A
USGS,4172000,2014-12-30,311,A:e
USGS,4172000,2014-12-31,292,A:e
USGS,4172000,2015-01-01,275,A:e
USGS,4172000,2015-01-02,255,A:e
USGS,4172000,2015-01-03,241,A:e
USGS,4172000,2015-01-04,237,A:e
USGS,4172000,2015-01-05,248,A:e
USGS,4172000,2015-01-06,242,A:e
USGS,4172000,2015-01-07,242,A:e
USGS,4172000,2015-01-08,241,A:e
USGS,4172000,2015-01-09,240,A:e
USGS,4172000,2015-01-10,242,A:e
USGS,4172000,2015-01-11,240,A:e
USGS,4172000,2015-01-12,235,A:e
USGS,4172000,2015-01-13,230,A:e
USGS,4172000,2015-01-14,227,A:e
USGS,4172000,2015-01-15,224,A:e
USGS,4172000,2015-01-16,222,A:e
USGS,4172000,2015-01-17,218,A:e
USGS,4172000,2015-01-18,215,A:e
USGS,4172000,2015-01-19,212,A:e
USGS,4172000,2015-01-20,206,A:e
USGS,4172000,2015-01-21,200,A:e
USGS,4172000,2015-01-22,194,A:e
USGS,4172000,2015-01-23,188,A:e
USGS,4172000,2015-01-24,182,A:e
USGS,4172000,2015-01-25,176,A:e
USGS,4172000,2015-01-26,170,A:e
USGS,4172000,2015-01-27,169,A:e
USGS,4172000,2015-01-28,168,A:e
USGS,4172000,2015-01-29,167,A:e
USGS,4172000,2015-01-30,166,A:e
USGS,4172000,2015-01-31,165,A:e
USGS,4172000,2015-02-01,164,A:e
USGS,4172000,2015-02-02,164,A:e
USGS,4172000,2015-02-03,164,A:e
USGS,4172000,2015-02-04,164,A:e
USGS,4172000,2015-02-05,164,A:e
USGS,4172000,2015-02-06,170,A:e
USGS,4172000,2015-02-07,176,A:e
USGS,4172000,2015-02-08,180,A:e
USGS,4172000,2015-02-09,180,A:e
USGS,4172000,2015-02-10,178,A:e
USGS,4172000,2015-02-11,176,A:e
USGS,4172000,2015-02-12,176,A:e
USGS,4172000,2015-02-13,174,A:e
USGS,4172000,2015-02-14,174,A:e
USGS,4172000,2015-02-15,172,A:e
USGS,4172000,2015-02-16,172,A:e
USGS,4172000,2015-02-17,170,A:e
USGS,4172000,2015-02-18,170,A:e
USGS,4172000,2015-02-19,170,A:e
USGS,4172000,2015-02-20,168,A:e
USGS,4172000,2015-02-21,166,A:e
USGS,4172000,2015-02-22,164,A:e
USGS,4172000,2015-02-23,162,A:e
USGS,4172000,2015-02-24,160,A:e
USGS,4172000,2015-02-25,158,A:e
USGS,4172000,2015-02-26,156,A:e
USGS,4172000,2015-02-27,154,A:e
USGS,4172000,2015-02-28,152,A:e
USGS,4172000,2015-03-01,150,A:e
USGS,4172000,2015-03-02,147,A:e
USGS,4172000,2015-03-03,149,A:e
USGS,4172000,2015-03-04,149,A:e
USGS,4172000,2015-03-05,147,A:e
USGS,4172000,2015-03-06,145,A:e
USGS,4172000,2015-03-07,142,A:e
USGS,4172000,2015-03-08,145,A:e
USGS,4172000,2015-03-09,148,A:e
USGS,4172000,2015-03-10,156,A:e
USGS,4172000,2015-03-11,166,A:e
USGS,4172000,2015-03-12,180,A:e
USGS,4172000,2015-03-13,209,A
USGS,4172000,2015-03-14,235,A
USGS,4172000,2015-03-15,275,A
USGS,4172000,2015-03-16,323,A
USGS,4172000,2015-03-17,378,A
USGS,4172000,2015-03-18,414,A
USGS,4172000,2015-03-19,427,A
USGS,4172000,2015-03-20,417,A
USGS,4172000,2015-03-21,400,A
USGS,4172000,2015-03-22,377,A
USGS,4172000,2015-03-23,351,A
USGS,4172000,2015-03-24,325,A
USGS,4172000,2015-03-25,307,A
USGS,4172000,2015-03-26,296,A
USGS,4172000,2015-03-27,286,A
USGS,4172000,2015-03-28,273,A
USGS,4172000,2015-03-29,260,A
USGS,4172000,2015-03-30,250,A
USGS,4172000,2015-03-31,251,A
USGS,4172000,2015-04-01,258,A
USGS,4172000,2015-04-02,265,A
USGS,4172000,2015-04-03,270,A
USGS,4172000,2015-04-04,255,A
USGS,4172000,2015-04-05,240,A
USGS,4172000,2015-04-06,240,A
USGS,4172000,2015-04-07,240,A
USGS,4172000,2015-04-08,241,A
USGS,4172000,2015-04-09,227,A
USGS,4172000,2015-04-10,234,A
USGS,4172000,2015-04-11,243,A
USGS,4172000,2015-04-12,251,A
USGS,4172000,2015-04-13,265,A
USGS,4172000,2015-04-14,269,A
USGS,4172000,2015-04-15,265,A
USGS,4172000,2015-04-16,253,A
USGS,4172000,2015-04-17,225,A
USGS,4172000,2015-04-18,202,A
USGS,4172000,2015-04-19,194,A
USGS,4172000,2015-04-20,202,A
USGS,4172000,2015-04-21,193,A
USGS,4172000,2015-04-22,187,A
USGS,4172000,2015-04-23,185,A
USGS,4172000,2015-04-24,170,A
USGS,4172000,2015-04-25,157,A
USGS,4172000,2015-04-26,156,A
USGS,4172000,2015-04-27,155,A
USGS,4172000,2015-04-28,154,A
USGS,4172000,2015-04-29,153,A
USGS,4172000,2015-04-30,156,A
USGS,4172000,2015-05-01,147,A
USGS,4172000,2015-05-02,140,A
USGS,4172000,2015-05-03,139,A
USGS,4172000,2015-05-04,141,A
USGS,4172000,2015-05-05,143,A
USGS,4172000,2015-05-06,156,A
USGS,4172000,2015-05-07,164,A
USGS,4172000,2015-05-08,157,A
USGS,4172000,2015-05-09,158,A
USGS,4172000,2015-05-10,175,A
USGS,4172000,2015-05-11,200,A
USGS,4172000,2015-05-12,196,A
USGS,4172000,2015-05-13,193,A
USGS,4172000,2015-05-14,199,A
USGS,4172000,2015-05-15,187,A
USGS,4172000,2015-05-16,180,A
USGS,4172000,2015-05-17,187,A
USGS,4172000,2015-05-18,201,A
USGS,4172000,2015-05-19,183,A
USGS,4172000,2015-05-20,170,A
USGS,4172000,2015-05-21,167,A
USGS,4172000,2015-05-22,164,A
USGS,4172000,2015-05-23,146,A
USGS,4172000,2015-05-24,135,A
USGS,4172000,2015-05-25,132,A
USGS,4172000,2015-05-26,133,A
USGS,4172000,2015-05-27,143,A
USGS,4172000,2015-05-28,160,A
USGS,4172000,2015-05-29,173,A
USGS,4172000,2015-05-30,185,A
USGS,4172000,2015-05-31,253,A
USGS,4172000,2015-06-01,323,A
USGS,4172000,2015-06-02,382,A
USGS,4172000,2015-06-03,430,A
USGS,4172000,2015-06-04,462,A
USGS,4172000,2015-06-05,468,A
USGS,4172000,2015-06-06,442,A
USGS,4172000,2015-06-07,402,A
USGS,4172000,2015-06-08,373,A
USGS,4172000,2015-06-09,349,A
USGS,4172000,2015-06-10,336,A
USGS,4172000,2015-06-11,322,A
USGS,4172000,2015-06-12,321,A
USGS,4172000,2015-06-13,322,A
USGS,4172000,2015-06-14,343,A
USGS,4172000,2015-06-15,374,A
USGS,4172000,2015-06-16,405,A
USGS,4172000,2015-06-17,433,A
USGS,4172000,2015-06-18,456,A
USGS,4172000,2015-06-19,453,A
USGS,4172000,2015-06-20,435,A
USGS,4172000,2015-06-21,409,A
USGS,4172000,2015-06-22,382,A
USGS,4172000,2015-06-23,394,A
USGS,4172000,2015-06-24,395,A
USGS,4172000,2015-06-25,407,A
USGS,4172000,2015-06-26,420,A
USGS,4172000,2015-06-27,427,A
USGS,4172000,2015-06-28,414,A
USGS,4172000,2015-06-29,391,A
USGS,4172000,2015-06-30,366,A
USGS,4172000,2015-07-01,343,A
USGS,4172000,2015-07-02,317,A
USGS,4172000,2015-07-03,290,A
USGS,4172000,2015-07-04,262,A
USGS,4172000,2015-07-05,235,A
USGS,4172000,2015-07-06,211,A
USGS,4172000,2015-07-07,195,A
USGS,4172000,2015-07-08,185,A
USGS,4172000,2015-07-09,184,A
USGS,4172000,2015-07-10,185,A
USGS,4172000,2015-07-11,182,A
USGS,4172000,2015-07-12,177,A
USGS,4172000,2015-07-13,169,A
USGS,4172000,2015-07-14,166,A
USGS,4172000,2015-07-15,164,A
USGS,4172000,2015-07-16,158,A
USGS,4172000,2015-07-17,159,A
USGS,4172000,2015-07-18,167,A
USGS,4172000,2015-07-19,175,A
USGS,4172000,2015-07-20,175,A
USGS,4172000,2015-07-21,169,A
USGS,4172000,2015-07-22,158,A
USGS,4172000,2015-07-23,147,A
USGS,4172000,2015-07-24,136,A
USGS,4172000,2015-07-25,129,A
USGS,4172000,2015-07-26,123,A
USGS,4172000,2015-07-27,117,A
USGS,4172000,2015-07-28,113,A
USGS,4172000,2015-07-29,110,A
USGS,4172000,2015-07-30,114,A
USGS,4172000,2015-07-31,116,A
USGS,4172000,2015-08-01,114,A
USGS,4172000,2015-08-02,110,A
USGS,4172000,2015-08-03,130,A
USGS,4172000,2015-08-04,148,A
USGS,4172000,2015-08-05,164,A
USGS,4172000,2015-08-06,173,A
USGS,4172000,2015-08-07,174,A
USGS,4172000,2015-08-08,173,A
USGS,4172000,2015-08-09,165,A
USGS,4172000,2015-08-10,161,A
USGS,4172000,2015-08-11,172,A
USGS,4172000,2015-08-12,170,A
USGS,4172000,2015-08-13,158,A
USGS,4172000,2015-08-14,146,A
USGS,4172000,2015-08-15,136,A
USGS,4172000,2015-08-16,128,A
USGS,4172000,2015-08-17,118,A
USGS,4172000,2015-08-18,109,A
USGS,4172000,2015-08-19,101,A
USGS,4172000,2015-08-20,102,A
USGS,4172000,2015-08-21,105,A
USGS,4172000,2015-08-22,107,A
USGS,4172000,2015-08-23,107,A
USGS,4172000,2015-08-24,104,A
USGS,4172000,2015-08-25,97.5,A
USGS,4172000,2015-08-26,91.7,A
USGS,4172000,2015-08-27,88.9,A
USGS,4172000,2015-08-28,87.7,A
USGS,4172000,2015-08-29,89.0,A
USGS,4172000,2015-08-30,91.7,A
USGS,4172000,2015-08-31,94.1,A
USGS,4172000,2015-09-01,94.8,A
USGS,4172000,2015-09-02,94.2,A
USGS,4172000,2015-09-03,93.7,A
USGS,4172000,2015-09-04,101,A
USGS,4172000,2015-09-05,106,A
USGS,4172000,2015-09-06,109,A
USGS,4172000,2015-09-07,107,A
USGS,4172000,2015-09-08,103,A
USGS,4172000,2015-09-09,99.7,A
USGS,4172000,2015-09-10,95.4,A
USGS,4172000,2015-09-11,92.2,A
USGS,4172000,2015-09-12,89.0,A
USGS,4172000,2015-09-13,85.4,A
USGS,4172000,2015-09-14,82.7,A
USGS,4172000,2015-09-15,81.3,A
USGS,4172000,2015-09-16,81.4,A
USGS,4172000,2015-09-17,81.6,A
USGS,4172000,2015-09-18,81.7,A
USGS,4172000,2015-09-19,86.4,A
USGS,4172000,2015-09-20,93.6,A
USGS,4172000,2015-09-21,98.9,A
USGS,4172000,2015-09-22,99.9,A
USGS,4172000,2015-09-23,98.2,A
USGS,4172000,2015-09-24,95.7,A
USGS,4172000,2015-09-25,93.4,A
USGS,4172000,2015-09-26,91.2,A
USGS,4172000,2015-09-27,88.1,A
USGS,4172000,2015-09-28,84.6,A
USGS,4172000,2015-09-29,83.8,A
USGS,4172000,2015-09-30,88.7,A
USGS,4172000,2015-10-01,92.1,A
USGS,4172000,2015-10-02,88.6,A
USGS,4172000,2015-10-03,83.2,A
USGS,4172000,2015-10-04,80.3,A
USGS,4172000,2015-10-05,78.2,A
USGS,4172000,2015-10-06,78.1,A
USGS,4172000,2015-10-07,79.6,A
USGS,4172000,2015-10-08,80.3,A
USGS,4172000,2015-10-09,81.9,A
USGS,4172000,2015-10-10,83.6,A
USGS,4172000,2015-10-11,83.5,A
USGS,4172000,2015-10-12,81.7,A
USGS,4172000,2015-10-13,79.9,A
USGS,4172000,2015-10-14,77.4,A
USGS,4172000,2015-10-15,74.9,A
USGS,4172000,2015-10-16,72.6,A
USGS,4172000,2015-10-17,69.9,A
USGS,4172000,2015-10-18,67.8,A
USGS,4172000,2015-10-19,65.2,A
USGS,4172000,2015-10-20,63.2,A
USGS,4172000,2015-10-21,63.0,A
USGS,4172000,2015-10-22,83.9,A
USGS,4172000,2015-10-23,109,A
USGS,4172000,2015-10-24,113,A
USGS,4172000,2015-10-25,108,A
USGS,4172000,2015-10-26,101,A
USGS,4172000,2015-10-27,94.7,A
USGS,4172000,2015-10-28,102,A
USGS,4172000,2015-10-29,119,A
USGS,4172000,2015-10-30,133,A
USGS,4172000,2015-10-31,144,A
USGS,4172000,2015-11-01,151,A
USGS,4172000,2015-11-02,163,A
USGS,4172000,2015-11-03,185,A
USGS,4172000,2015-11-04,199,A
USGS,4172000,2015-11-05,200,A
USGS,4172000,2015-11-06,214,A
USGS,4172000,2015-11-07,220,A
USGS,4172000,2015-11-08,204,A
USGS,4172000,2015-11-09,196,A
USGS,4172000,2015-11-10,212,A
USGS,4172000,2015-11-11,223,A
USGS,4172000,2015-11-12,226,A
USGS,4172000,2015-11-13,208,A
USGS,4172000,2015-11-14,197,A
USGS,4172000,2015-11-15,209,A
USGS,4172000,2015-11-16,197,A
USGS,4172000,2015-11-17,172,A
USGS,4172000,2015-11-18,175,A
USGS,4172000,2015-11-19,189,A
USGS,4172000,2015-11-20,174,A
USGS,4172000,2015-11-21,176,A
USGS,4172000,2015-11-22,199,A
USGS,4172000,2015-11-23,197,A
USGS,4172000,2015-11-24,184,A
USGS,4172000,2015-11-25,172,A
USGS,4172000,2015-11-26,172,A
USGS,4172000,2015-11-27,189,A
USGS,4172000,2015-11-28,214,A
USGS,4172000,2015-11-29,231,A
USGS,4172000,2015-11-30,236,A
USGS,4172000,2015-12-01,232,A
USGS,4172000,2015-12-02,221,A
USGS,4172000,2015-12-03,211,A
USGS,4172000,2015-12-04,201,A
USGS,4172000,2015-12-05,193,A
USGS,4172000,2015-12-06,187,A
USGS,4172000,2015-12-07,181,A
USGS,4172000,2015-12-08,175,A
USGS,4172000,2015-12-09,169,A
USGS,4172000,2015-12-10,164,A
USGS,4172000,2015-12-11,161,A
USGS,4172000,2015-12-12,157,A
USGS,4172000,2015-12-13,156,A
USGS,4172000,2015-12-14,157,A
USGS,4172000,2015-12-15,159,A
USGS,4172000,2015-12-16,157,A
USGS,4172000,2015-12-17,158,A
USGS,4172000,2015-12-18,153,A
USGS,4172000,2015-12-19,148,A
USGS,4172000,2015-12-20,142,A
USGS,4172000,2015-12-21,145,A
USGS,4172000,2015-12-22,159,A
USGS,4172000,2015-12-23,173,A
USGS,4172000,2015-12-24,192,A
USGS,4172000,2015-12-25,203,A
USGS,4172000,2015-12-26,211,A
USGS,4172000,2015-12-27,218,A
USGS,4172000,2015-12-28,219,A
USGS,4172000,2015-12-29,233,A
USGS,4172000,2015-12-30,244,A
USGS,4172000,2015-12-31,253,A